Movie Title,Director,Count,Picked By
John Cassavetes: Five Films,Collector’s Set,23,"JODIE FOSTER, STELLAN SKARSGÅRD, WILL ARNETT, CILLIAN MURPHY, MARK DUPLASS, JUDD APATOW, RZA, BARBIE FERREIRA, JULIA GARNER, MARIANNE JEAN-BAPTISTE & MIKE LEIGH, WINONA RYDER, JR, CAROL KANE, MOLLY RINGWALD, CHARLIE DAY, BARRY JENKINS, GINA PRINCE-BYTHEWOOD, ISABEL SANDOVAL, JAMES L. BROOKS, EUZHAN PALCY, JACK GARFEIN, THE WOLFPACK, ALDEN EHRENREICH"
The Complete Films of Agnès Varda,Collector’s Set,17,"NIA DACOSTA, MARION COTILLARD, BOWEN YANG, ROSAMUND PIKE, ROSANNA ARQUETTE, JOHN DAVID WASHINGTON AND MALCOLM WASHINGTON, JR, CHARLIE DAY, AGNIESZKA HOLLAND, CHARLOTTE GAINSBOURG, ANNIE BAKER AND LUCIAN JOHNSTON, CHERYL DUNYE, CALLUM TURNER, KLEBER MENDONÇA FILHO, AGNÈS B., ISABEL SANDOVAL, SARA DOSA"
La strada,Federico Fellini,15,"JODIE FOSTER, STELLAN SKARSGÅRD, PAMELA ANDERSON, DAVID CRONENBERG, NATASHA LYONNE, JEREMY THOMAS, CALLUM TURNER, FREDERICK WISEMAN, VICKY KRIEPS, SALLY POTTER, PETER SARSGAARD, RICHARD E. GRANT, JOANNA HOGG, JERZY SKOLIMOWSKI, BARBARA SUKOWA"
All That Jazz,Bob Fosse,13,"DANNY BOYLE, MARGARET QUALLEY, NATASHA LYONNE, AMELIA DIMOLDENBERG, ANNA KENDRICK, JEREMY O. HARRIS, JOANNA HOGG, BENJAMIN MILLEPIED, PATRICK BRICE, VOLKER SCHLÖNDORFF, JOACHIM TRIER, IRA SACHS, LEE UNKRICH"
Do the Right Thing,Spike Lee,13,"ARI ASTER, QUESTLOVE, JULIA GARNER, KEVIN BACON, MAURA TIERNEY, EDWARD BERGER, LEE DANIELS, CHARLIE DAY, CAULEEN SMITH, DESIREE AKHAVAN, THE WOLFPACK, ASIF KAPADIA, SAUL WILLIAMS AND ANISIA UZEYMAN"
Naked,Mike Leigh,12,"STELLAN SKARSGÅRD, LAV DIAZ, NATASHA LYONNE, CARRIE COON, ANDREW GARFIELD, CALLUM TURNER, HLYNUR PÁLMASON, ALESSANDRO BORGHI, FELIX VAN GROENINGEN, AND CHARLOTTE VANDERMEERSCH, COLIN QUINN, M.I.A. AND STEPHEN LOVERIDGE, SEAN BAKER, BARBARA SUKOWA"
The Red Shoes,Michael Powell and Emeric Pressburger,12,"FLORENCE WELCH, GUILLERMO DEL TORO, ELLE FANNING, BETSEY JOHNSON, ROSANNA ARQUETTE, NATHALIE EMMANUEL, ANDREW GARFIELD, JASON SCHWARTZMAN, HARI NEF, LUCRECIA MARTEL, RODARTE, JOANNA HOGG"
The Complete Jacques Tati,Collector’s Set,12,"BI GAN, DAVID BYRNE, SETH ROGEN & EVAN GOLDBERG, CLAUDE LELOUCH, JOHN LITHGOW, FRANCIS FORD COPPOLA, JANE SCHOENBRUN, KIM CATTRALL, BARRY JENKINS, PAUL B. PRECIADO, FIVE COMICS, IRA SACHS"
8½,Federico Fellini,12,"BI GAN, TUNDE ADEBIMPE, LEE DANIELS, WILLEM DAFOE, WILLIAM FRIEDKIN, JOHN WATERS, CARL FRANKLIN, LESLIE HARRIS, AMY HECKERLING, TAVI GEVINSON, JOANNA HOGG, JERZY SKOLIMOWSKI"
Essential Fellini,Collector’s Set,11,"JODIE FOSTER, LAV DIAZ, MICHELLE ZAUNER, KEN BURNS, JULIETTE BINOCHE AND RALPH FIENNES, JACQUES AUDIARD, BILL HADER, LEE DANIELS, MOLLY RINGWALD, CATE BLANCHETT AND TODD FIELD, DEVO: GERALD CASALE AND MARK MOTHERSBAUGH"
Wanda,Barbara Loden,11,"PAMELA ANDERSON, ARI ASTER, LENA DUNHAM, ROSANNA ARQUETTE, JULIA GARNER, CARRIE COON, ISABELLE HUPPERT, KIM CATTRALL, LINA RODRIGUEZ, PETER SARSGAARD, CHRISTIAN PETZOLD"
Seven Samurai,Akira Kurosawa,10,"RYAN COOGLER, STELLAN SKARSGÅRD, JUNE SQUIBB, PETER WOLF, KEVIN BACON, KEN BURNS, DENIS VILLENEUVE, ZOË KRAVITZ AND CHANNING TATUM, BEN WHEATLEY, LUCRECIA MARTEL"
Bicycle Thieves,Vittorio De Sica,10,"JAFAR PANAHI, JOSH AND BENNY SAFDIE, JOEL EDGERTON, ROSINE MBAKAM, FREDERICK WISEMAN, CRISTIAN MUNGIU, MIKE LEIGH, JAMES ACHESON, RUBEN ÖSTLUND, LEE UNKRICH"
Dekalog,Krzysztof Kieślowski,10,"WILL ARNETT, MARK DUPLASS, BRADY CORBET, JOHN DAVID WASHINGTON AND MALCOLM WASHINGTON, JOHNNIE TO, BARRY JENKINS, REBECCA MILLER, AMIR NADERI, BILL AND TURNER ROSS, CRISTIAN MUNGIU"
Yi Yi,Edward Yang,10,"KAHLIL JOSEPH, JIA ZHANGKE, HARRIS DICKINSON, BILL HADER, PAUL DANO, JEREMY O. HARRIS, LILA AVILÉS, SEAN BAKER, ASIF KAPADIA, ALDEN EHRENREICH"
Mirror,Andrei Tarkovsky,10,"KATYA ZAMOLODCHIKOVA, JOHN DAVID WASHINGTON AND MALCOLM WASHINGTON, JULIETTE BINOCHE AND RALPH FIENNES, JACQUES AUDIARD, RAMELL ROSS, WILLEM DAFOE, HLYNUR PÁLMASON, ROGER & JAMES DEAKINS, RENATE REINSVE, SAUL WILLIAMS AND ANISIA UZEYMAN"
Tokyo Story,Yasujiro Ozu,10,"JENNIFER KENT, DAN LEVY, CHARLIE DAY, SARITA CHOUDHURY, BONG JOON HO, TIM BLAKE NELSON, CARL FRANKLIN, YO LA TENGO, AMY HECKERLING, THE WOLFPACK"
Love & Basketball,Gina Prince-Bythewood,9,"RYAN COOGLER, RIAN JOHNSON, NIA DACOSTA, LENA DUNHAM, NATHALIE EMMANUEL, DAN LEVY, TYLER MITCHELL, GINA PRINCE-BYTHEWOOD, GARRETT BRADLEY"
City Lights,Charles Chaplin,9,"STELLAN SKARSGÅRD, NATASHA LYONNE, JIA ZHANGKE, CAROL KANE, KOJI YAKUSHO, KOJI YAKUSHO, RICHARD E. GRANT, AMY HECKERLING, SLAVOJ ŽIŽEK"
In the Mood for Love,Wong Kar Wai,9,"LUCY LIU, DIANE KRUGER, JUDD APATOW, NICHOLAS HOULT, JOEL KIM BOOSTER, GINA PRINCE-BYTHEWOOD, RODARTE, ASIF KAPADIA, SAUL WILLIAMS AND ANISIA UZEYMAN"
Down by Law,Jim Jarmusch,9,"TOM ROTHMAN, RZA, JULIETTE BINOCHE AND RALPH FIENNES, WINONA RYDER, MICHAEL SHANNON, LILY GLADSTONE & ERICA TREMBLAY, MINNIE DRIVER, FREDERICK WISEMAN, JAMES ACHESON"
To Sleep with Anger,Charles Burnett,9,"TOM ROTHMAN, DEREK CIANFRANCE, RAMELL ROSS, ANDRÉ HOLLAND, MARIANNE JEAN-BAPTISTE & MIKE LEIGH, AYO EDEBIRI, CARL FRANKLIN, CAULEEN SMITH, ELVIS MITCHELL"
Punch-Drunk Love,Paul Thomas Anderson,9,"RACHEL SENNOTT, MARGARET QUALLEY, AIMEE LOU WOOD, GINTS ZILBALODIS, CHARLIE DAY, ​LUIS GUZMÁN, TYLER MITCHELL, BEN SINCLAIR, LEE UNKRICH"
Shampoo,Hal Ashby,9,"SETH ROGEN & EVAN GOLDBERG, ROSANNA ARQUETTE, JULIA GARNER, MAURA TIERNEY, CAROL KANE, RODARTE, JAMES L. BROOKS, FIVE COMICS, NEAL BRENNAN"
Blue Velvet,David Lynch,9,"BETSEY JOHNSON, PAMELA ANDERSON, SIMON PEGG, AMY IRVING, NORMAN REEDUS, JARVIS COCKER, PAUL GIAMATTI, KYLE MACLACHLAN, VICKY KRIEPS"
La Jetée/Sans Soleil,Collector’s Set,9,"DIEGO LUNA, PAYAL KAPADIA, RAMELL ROSS, PAUL B. PRECIADO, CAULEEN SMITH, TIM ROBBINS, SARA DOSA, JOACHIM TRIER, THE WOLFPACK"
Pasolini 101,Collector’s Set,8,"ATOM EGOYAN, DEREK CIANFRANCE, MATT DILLON, BRADY CORBET, JULIETTE BINOCHE AND RALPH FIENNES, JASON SCHWARTZMAN, PAUL B. PRECIADO, BERTRAND BONELLO"
Ingmar Bergman’s Cinema,Collector’s Set,8,"ATOM EGOYAN, LAV DIAZ, PAMELA ANDERSON, DAVID CRONENBERG, CHARLES BURNETT, ANNA KENDRICK, CATE BLANCHETT AND TODD FIELD, NURI BILGE CEYLAN"
Being There,Hal Ashby,8,"TED DANSON & MARY STEENBURGEN, NICHOLAS HOULT, GINTS ZILBALODIS, MICHAEL SHANNON, CHARLIE DAY, MARC MARON, KYLE MACLACHLAN, WILCO"
Melvin Van Peebles: Essential Films,Collector’s Set,8,"VINCE STAPLES, RZA, CHARLES BURNETT, ANDRÉ HOLLAND, JEREMY O. HARRIS, TRACE LYSETTE, ELVIS MITCHELL, GARRETT BRADLEY"
Barry Lyndon,Stanley Kubrick,8,"NIA DACOSTA, RONAN FARROW, BILL HADER, CHARLIE DAY, KLEBER MENDONÇA FILHO, HLYNUR PÁLMASON, MARCO BELLOCCHIO, NEAL BRENNAN"
My Own Private Idaho,Gus Van Sant,8,"UDO KIER, BARBIE FERREIRA, NORMAN REEDUS, CAROL KANE, PAUL DANO, RAÚL CASTILLO, LAURA ALBERT & JEFF FEUERZEIG, UDO KIER"
Repo Man,Alex Cox,8,"JOSH BROLIN, BONG JOON HO, DANIELS, JOHN DWYER, SEAN BAKER, LAURA ALBERT & JEFF FEUERZEIG, NICOLAS WINDING REFN, THE WOLFPACK"
Black Orpheus,Marcel Camus,8,"WYCLEF JEAN, QUESTLOVE, ZEINABU IRENE DAVIS, JOHN DAVID WASHINGTON AND MALCOLM WASHINGTON, BONG JOON HO, GINA PRINCE-BYTHEWOOD, EUZHAN PALCY, ETHAN HAWKE AND JONATHAN MARC SHERMAN"
Y tu mamá también,Alfonso Cuarón,8,"DIEGO LUNA, GINTS ZILBALODIS, GAEL GARCIA BERNAL, JULIO TORRES, ALESSANDRO BORGHI, FELIX VAN GROENINGEN, AND CHARLOTTE VANDERMEERSCH, SARA DOSA, PATRICK BRICE, SLAVOJ ŽIŽEK"
Pickpocket,Robert Bresson,8,"NATASHA LYONNE, JIA ZHANGKE, ALAIN GUIRAUDIE, WILLEM DAFOE, WILLIAM FRIEDKIN, OWEN KLINE, MARCO BELLOCCHIO, RENATE REINSVE"
"Salò, or The 120 Days of Sodom",Pier Paolo Pasolini,8,"BRADY CORBET, JARVIS COCKER, BILL HADER, BILL HADER, JEREMY O. HARRIS, PAUL B. PRECIADO, ALEXANDER PAYNE, ASIF KAPADIA"
Fish Tank,Andrea Arnold,7,"DANNY BOYLE, DIANE KRUGER, MAURA DELPERO, AMELIA DIMOLDENBERG, KERRY CONDON, SALLY POTTER, GINA PRINCE-BYTHEWOOD"
"Paris, Texas",Wim Wenders,7,"ROSE BYRNE, BOWEN YANG, CARRIE COON, KOJI YAKUSHO, KOJI YAKUSHO, PATRICK BRICE, ETHAN HAWKE AND JONATHAN MARC SHERMAN"
Klute,Alan J. Pakula,7,"TED DANSON & MARY STEENBURGEN, RONAN FARROW, ROSANNA ARQUETTE, ANNA KENDRICK, PAUL SCHEER, BRIT MARLING AND ZAL BATMANGLIJ, SUSANNA HOFFS"
The Leopard,Luchino Visconti,7,"LAV DIAZ, BRADY CORBET, WILLEM DAFOE, JEREMY THOMAS, CALLUM TURNER, JAMES ACHESON, BARBARA SUKOWA"
Roma,Alfonso Cuarón,7,"GUILLERMO DEL TORO, LUCY LIU, JIA ZHANGKE, JOHNNIE TO, JR, BILL HADER, KYLE MACLACHLAN"
On the Waterfront,Elia Kazan,7,"LUCY LIU, RZA, ​LUIS GUZMÁN, BENJAMIN MILLEPIED, LAURA ALBERT & JEFF FEUERZEIG, NICOLAS WINDING REFN, RON SHELTON"
Three Films by Luis Buñuel,Collector’s Set,7,"YORGOS LANTHIMOS, KARYN KUSAMA, JEREMY THOMAS, GAEL GARCIA BERNAL, BEN GIBBARDS, AMIR NADERI, RUBEN ÖSTLUND"
The Princess Bride,Rob Reiner,7,"ELLE FANNING, BENNY SAFDIE, JAMIE LEE CURTIS, JULIA GARNER, CAROL KANE, CAULEEN SMITH, BEN SINCLAIR"
Kes,Ken Loach,7,"NICK OFFERMAN, MARIANNE JEAN-BAPTISTE & MIKE LEIGH, ANDREW GARFIELD, KERRY CONDON, M.I.A. AND STEPHEN LOVERIDGE, SEAN BAKER, ASIF KAPADIA"
Paris Is Burning,Jennie Livingston,7,"JUNE SQUIBB, ANOHNI, PAYAL KAPADIA, NATHALIE EMMANUEL, ZOË KRAVITZ AND CHANNING TATUM, TRACE LYSETTE, NEAL BRENNAN"
"Godzilla: The Showa-Era Films, 1954–1975",Collector’s Set,7,"JUNE SQUIBB, BOWEN YANG, TUNDE ADEBIMPE, GINA GERSHON, JOEL KIM BOOSTER, DANIELS, PARK CHAN-WOOK"
Close-up,Abbas Kiarostami,7,"JAY DUPLASS, MICHAEL CERA, ROSINE MBAKAM, BEN SINCLAIR, BILL AND TURNER ROSS, THE WOLFPACK, BERTRAND BONELLO"
Sweet Smell of Success,Alexander Mackendrick,7,"JAMIE LEE CURTIS, NATASHA LYONNE, DEVO: GERALD CASALE AND MARK MOTHERSBAUGH, BEN WHEATLEY, TIM ROBBINS, JENNI OLSON, SLAVOJ ŽIŽEK"
Six Moral Tales,Collector’s Set,7,"NATASHA LYONNE, CARRIE COON, NURI BILGE CEYLAN, MATÍAS PIÑEIRO, SEAN BAKER, JOACHIM TRIER, CHRISTIAN PETZOLD"
Loves of a Blonde,Miloš Forman,7,"ROSAMUND PIKE, PAYAL KAPADIA, MARIANNE JEAN-BAPTISTE & MIKE LEIGH, BILL HADER, REBECCA MILLER, JERZY SKOLIMOWSKI, LEE UNKRICH"
Ikiru,Akira Kurosawa,7,"MARK RYLANCE, BILL HADER, KOJI YAKUSHO, KOJI YAKUSHO, VICKY KRIEPS, ALICIA MALONE, FIVE COMICS"
House,Nobuhiko Obayashi,7,"MAURA TIERNEY, BILL HADER, BILL POPE, JULIO TORRES, ANDRÉ BONZEL, JOACHIM TRIER, ETHAN HAWKE AND JONATHAN MARC SHERMAN"
Amores perros,Alejandro G. Iñárritu,7,"JULIETTE BINOCHE AND RALPH FIENNES, JR, GAEL GARCIA BERNAL, JULIO TORRES, MANUEL GARCIA-RULFO, RODRIGO PRIETO, RAVEN JACKSON"
Fat Girl,Catherine Breillat,6,"ATOM EGOYAN, LUCA GUADAGNINO, BARRY JENKINS, JACQUELINE NOVAK AND JOHN EARLY, RAVEN JACKSON, RUBEN ÖSTLUND"
Memories of Underdevelopment,Tomás Gutiérrez Alea,6,"WAGNER MOURA, DANNY BOYLE, MATT DILLON, WALTER SALLES, GAEL GARCIA BERNAL, JENNI OLSON"
Malcolm X,Spike Lee,6,"RYAN COOGLER, BEN AFFLECK, JOHN DAVID WASHINGTON AND MALCOLM WASHINGTON, JANE SCHOENBRUN, DANIELS, FLOYD NORMAN"
Blood Simple,Joel Coen,6,"DANNY BOYLE, BARRY SONNENFELD, JOSH AND BENNY SAFDIE, BARRY JENKINS, BRIT MARLING AND ZAL BATMANGLIJ, CRISTIAN MUNGIU"
Mulholland Dr.,David Lynch,6,"ROSE BYRNE, BILLY CRUDUP, ALAIN GUIRAUDIE, JENNIFER KENT, MATTEO GARRONE, RENATE REINSVE"
Stranger Than Paradise,Jim Jarmusch,6,"WILL ARNETT, WALTER SALLES, NURI BILGE CEYLAN, GREGG ARAKI, ANDRÉ BONZEL, SLAVOJ ŽIŽEK"
Picnic at Hanging Rock,Peter Weir,6,"FLORENCE WELCH, ETHEL CAIN, MAYA AND ETHAN HAWKE, BONG JOON HO, JACQUELINE NOVAK AND JOHN EARLY, SLAVOJ ŽIŽEK"
Notorious,Alfred Hitchcock,6,"GUILLERMO DEL TORO, KATHRYN BIGELOW, RONAN FARROW, JACQUES AUDIARD, TYLER MITCHELL, THEODORE WITCHER"
The Age of Innocence,Martin Scorsese,6,"GUILLERMO DEL TORO, JUNE SQUIBB, JUDD APATOW, ISABEL SANDOVAL, JOANNA HOGG, BERTRAND BONELLO"
Bruce Lee: His Greatest Hits,Collector’s Set,6,"LUCY LIU, RZA, ZEINABU IRENE DAVIS, NICHOLAS HOULT, RAMELL ROSS, JOHN DARNIELLE"
Videodrome,David Cronenberg,6,"VINCE STAPLES, BARBIE FERREIRA, NORMAN REEDUS, RODARTE, THE WOLFPACK, SAUL WILLIAMS AND ANISIA UZEYMAN"
WALL·E,Andrew Stanton,6,"VINCE STAPLES, JAMIE LEE CURTIS, ALAIN GUIRAUDIE, JR, JULIO TORRES, CHARLES MELTON"
Mikey and Nicky,Elaine May,6,"YORGOS LANTHIMOS, JOSH BROLIN, RZA, PAUL SCHEER, CHELSEA PERETTI, CHARLES MELTON"
Come and See,Elem Klimov,6,"NIA DACOSTA, GRIFFIN DUNNE, CALLUM TURNER, ROGER & JAMES DEAKINS, SALLY POTTER, JERZY SKOLIMOWSKI"
Women on the Verge of a Nervous Breakdown,Pedro Almodóvar,6,"RACHEL SENNOTT, ST. VINCENT, HARI NEF, PAUL B. PRECIADO, TRACE LYSETTE, RODRIGO PRIETO"
To Die For,Gus Van Sant,6,"RACHEL SENNOTT, ELLE FANNING, MARGARET QUALLEY, HARRIS DICKINSON, CHERYL DUNYE, ST. VINCENT"
No Country for Old Men,Joel Coen and Ethan Coen,6,"BILLY CRUDUP, JAY DUPLASS, JOSH BROLIN, ARI ASTER, KARYN KUSAMA, NICHOLAS HOULT"
Husbands,John Cassavetes,6,"BENNY SAFDIE, JAY DUPLASS, DICK CAVETT, MAYA AND ETHAN HAWKE, ELVIS MITCHELL, BARBARA SUKOWA"
La piscine,Jacques Deray,6,"CILLIAN MURPHY, KRISTIN SCOTT THOMAS, PAMELA ANDERSON, CHARLES MELTON, SUSANNA HOFFS, VICKY KRIEPS"
Eraserhead,David Lynch,6,"ETHEL CAIN, DAVID CRONENBERG, JANELLE MONÁE, JANE SCHOENBRUN, ALICIA MALONE, THE WOLFPACK"
Grey Gardens,"David Maysles, Albert Maysles, Ellen Hovde, and Muffie Meyer",6,"ETHEL CAIN, JULIA FOX, CHELSEA PERETTI, HARI NEF, BEN WHEATLEY, JOHN DWYER"
Hedwig and the Angry Inch,John Cameron Mitchell,6,"MARION COTILLARD, ALICIA SILVERSTONE, SETH ROGEN & EVAN GOLDBERG, MAURA TIERNEY, JOEL KIM BOOSTER, RICKIE LEE JONES"
The Before Trilogy,Collector’s Set,6,"MARK DUPLASS, ROB DELANEY, AIMEE LOU WOOD, DANIELS, ETHAN HAWKE AND JONATHAN MARC SHERMAN, ALDEN EHRENREICH"
Traffic,Steven Soderbergh,6,"JOSH BROLIN, BEN AFFLECK, PAUL W. DOWNS, RAÚL CASTILLO, THE WOLFPACK, CHRISTIAN PETZOLD"
All About Eve,Joseph L. Mankiewicz,6,"ALICIA SILVERSTONE, MARGARET QUALLEY, BOWEN YANG, JULIA GARNER, CAROL KANE, MINNIE DRIVER"
True Stories,David Byrne,6,"DAVID BYRNE, TUNDE ADEBIMPE, JOHN DWYER, PETER SARSGAARD, FIVE COMICS, ALAN PALOMO"
The Rules of the Game,Jean Renoir,6,"BEN AFFLECK, AMY IRVING, JEREMY THOMAS, LESLIE HARRIS, THEODORE WITCHER, THE WOLFPACK"
Naked Lunch,David Cronenberg,6,"SETH ROGEN & EVAN GOLDBERG, NATASHA LYONNE, JOHN DWYER, LUCRECIA MARTEL, AMY HECKERLING, FLYING LOTUS"
Tootsie,Sydney Pollack,6,"JUDD APATOW, PAUL W. DOWNS, KATYA ZAMOLODCHIKOVA, CATE BLANCHETT AND TODD FIELD, MICHAEL CERA, ETHAN HAWKE AND JONATHAN MARC SHERMAN"
Moonstruck,Norman Jewison,6,"BETSEY JOHNSON, AIMEE LOU WOOD, ZOË KRAVITZ AND CHANNING TATUM, DAN LEVY, TRACE LYSETTE, GARRETT BRADLEY"
The Wages of Fear,Henri-Georges Clouzot,6,"MATT DILLON, ARI ASTER, DENIS VILLENEUVE, BONG JOON HO, JOEL EDGERTON, PHILIP KAUFMAN"
Brazil,Terry Gilliam,6,"RONAN FARROW, JANELLE MONÁE, ANDREW GARFIELD, GINA GERSHON, ANDRÉ BONZEL, FLYING LOTUS"
The Koker Trilogy,Collector’s Set,6,"PAMELA ANDERSON, MAURA DELPERO, ZOË KRAVITZ AND CHANNING TATUM, ARI ASTER, NURI BILGE CEYLAN, JULIO TORRES"
The Piano Teacher,Michael Haneke,6,"MIKEY MADISON, MAURA DELPERO, DAN LEVY, WILLEM DAFOE, RAVEN JACKSON, RENATE REINSVE"
Ace in the Hole,Billy Wilder,6,"ARI ASTER, MARC MARON, AMY HECKERLING, ALEXANDER PAYNE, VOLKER SCHLÖNDORFF, ETHAN HAWKE AND JONATHAN MARC SHERMAN"
Night of the Living Dead,George A. Romero,6,"SIMON PEGG, JANELLE MONÁE, JOHN DWYER, JACQUELINE NOVAK AND JOHN EARLY, FIVE COMICS, RAÚL CASTILLO"
The 400 Blows,François Truffaut,6,"DIEGO LUNA, CHARLIE DAY, CHELSEA PERETTI, EUZHAN PALCY, ANDRÉ BONZEL, ETHAN HAWKE AND JONATHAN MARC SHERMAN"
3 Films by Roberto Rossellini Starring Ingrid Bergman,Collector’s Set,6,"NATASHA LYONNE, EDWARD BERGER, ISABELLE HUPPERT, WILLEM DAFOE, MATÍAS PIÑEIRO, CHRISTIAN PETZOLD"
A Brighter Summer Day,Edward Yang,6,"MICHELLE ZAUNER, BARRY JENKINS, PAUL DANO, KLEBER MENDONÇA FILHO, TYLER MITCHELL, AMIR NADERI"
The Blob,Irvin S. Yeaworth Jr.,6,"KEVIN BACON, ERIC BANA, JANELLE MONÁE, JOHN WATERS, CHELSEA PERETTI, RICKIE LEE JONES"
Jules and Jim,François Truffaut,6,"KEVIN BACON, KIM CATTRALL, RICHARD E. GRANT, THEODORE WITCHER, SARA DOSA, MIKE LEIGH"
After Life,Hirokazu Kore-eda,6,"MARK RYLANCE, WINONA RYDER, LILY GLADSTONE & ERICA TREMBLAY, CHARLES MELTON, BRIT MARLING AND ZAL BATMANGLIJ, RODRIGO PRIETO"
Claudine,John Berry,6,"ANDRÉ HOLLAND, MARIANNE JEAN-BAPTISTE & MIKE LEIGH, LEE DANIELS, TYLER MITCHELL, GINA PRINCE-BYTHEWOOD, COLIN QUINN"
3 Women,Robert Altman,6,"MAYA AND ETHAN HAWKE, CHARLES MELTON, TYLER MITCHELL, JACQUELINE NOVAK AND JOHN EARLY, ALEXANDER PAYNE, BARBARA SUKOWA"
Love Streams,John Cassavetes,6,"MOLLY RINGWALD, SUSANNA HOFFS, LUCRECIA MARTEL, EUZHAN PALCY, DESIREE AKHAVAN, RUBEN ÖSTLUND"
The Piano,Jane Campion,5,"JODIE FOSTER, ROSE BYRNE, MAURA DELPERO, LEE DANIELS, ALESSANDRO BORGHI, FELIX VAN GROENINGEN, AND CHARLOTTE VANDERMEERSCH"
Parasite,Bong Joon Ho,5,"JODIE FOSTER, ELLE FANNING, DIEGO LUNA, JULIA GARNER, AGNIESZKA HOLLAND"
Woman in the Dunes,Hiroshi Teshigahara,5,"JODIE FOSTER, MARK RYLANCE, GINTS ZILBALODIS, ARI ASTER, HIDEO KOJIMA"
Late Spring,Yasujiro Ozu,5,"RYAN COOGLER, HIDEO KOJIMA, CARL FRANKLIN, THEODORE WITCHER, MIKE LEIGH"
Devil in a Blue Dress,Carl Franklin,5,"RYAN COOGLER, NATASHA LYONNE, CATE BLANCHETT AND TODD FIELD, RICKIE LEE JONES, GINA PRINCE-BYTHEWOOD"
Children of Paradise,Marcel Carné,5,"STELLAN SKARSGÅRD, JUNE SQUIBB, MAYA AND ETHAN HAWKE, REBECCA MILLER, CARL FRANKLIN"
Secrets & Lies,Mike Leigh,5,"ROSE BYRNE, JAY DUPLASS, ALICIA SILVERSTONE, MARIANNE JEAN-BAPTISTE & MIKE LEIGH, KERRY CONDON"
My Darling Clementine,John Ford,5,"TED DANSON & MARY STEENBURGEN, BILLY CRUDUP, ARI ASTER, BILL HADER, MARC MARON"
The Apu Trilogy,Collector’s Set,5,"LAV DIAZ, BARRY JENKINS, NURI BILGE CEYLAN, SALLY POTTER, AMIR NADERI"
Harlan County USA,Barbara Kopple,5,"TOM ROTHMAN, ROB DELANEY, ZOË KRAVITZ AND CHANNING TATUM, BILL POPE, BILL AND TURNER ROSS"
The Cranes Are Flying,Mikhail Kalatozov,5,"NIA DACOSTA, SETH ROGEN & EVAN GOLDBERG, CATE BLANCHETT AND TODD FIELD, CALLUM TURNER, ISABEL SANDOVAL"
Happiness,Todd Solondz,5,"RACHEL SENNOTT, KATYA ZAMOLODCHIKOVA, ALAIN GUIRAUDIE, CARRIE COON, ANDREW GARFIELD"
Short Cuts,Robert Altman,5,"DEREK CIANFRANCE, FRANÇOIS GIRARD, JACQUES AUDIARD, CHARLES MELTON, BEN SINCLAIR"
Police Story / Police Story 2,Collector’s Set,5,"EDGAR WRIGHT, SETH ROGEN & EVAN GOLDBERG, BOWEN YANG, JOEL EDGERTON, DANIELS"
The Battle of Algiers,Gillo Pontecorvo,5,"KATHRYN BIGELOW, ZEINABU IRENE DAVIS, GARRETT BRADLEY, PHILIP KAUFMAN, THE WOLFPACK"
Straw Dogs,Sam Peckinpah,5,"KATHRYN BIGELOW, ARI ASTER, JOHNNIE TO, JASON SCHWARTZMAN, RON SHELTON"
Days of Heaven,Terrence Malick,5,"KAHLIL JOSEPH, ETHEL CAIN, AMY IRVING, MAYA AND ETHAN HAWKE, THE WOLFPACK"
The Color of Pomegranates,Sergei Parajanov,5,"KAHLIL JOSEPH, DAVID BYRNE, NORMAN REEDUS, REBECCA MILLER, CAULEEN SMITH"
Defending Your Life,Albert Brooks,5,"CLAIRE DANES, BILLY CRUDUP, SETH ROGEN & EVAN GOLDBERG, JUDD APATOW, LENA DUNHAM"
12 Angry Men,Sidney Lumet,5,"BILLY CRUDUP, NICHOLAS HOULT, AMELIA DIMOLDENBERG, ​LUIS GUZMÁN, KEMP POWERS"
Thelma & Louise,Ridley Scott,5,"ETHEL CAIN, MARGARET QUALLEY, AIMEE LOU WOOD, ZOË KRAVITZ AND CHANNING TATUM, TRACE LYSETTE"
Blow-Up,Michelangelo Antonioni,5,"ALICIA SILVERSTONE, GAEL GARCIA BERNAL, HLYNUR PÁLMASON, CAULEEN SMITH, RAÚL CASTILLO"
Badlands,Terrence Malick,5,"BEN AFFLECK, SETH ROGEN & EVAN GOLDBERG, ERIC BANA, M.I.A. AND STEPHEN LOVERIDGE, RON SHELTON"
The Daytrippers,Greg Mottola,5,"SETH ROGEN & EVAN GOLDBERG, LENA DUNHAM, DAN LEVY, BILL HADER, YO LA TENGO"
White Material,Claire Denis,5,"MATT DILLON, MARIANNE JEAN-BAPTISTE & MIKE LEIGH, JACQUELINE NOVAK AND JOHN EARLY, JOACHIM TRIER, RENATE REINSVE"
Raging Bull,Martin Scorsese,5,"JAMIE LEE CURTIS, NATASHA LYONNE, WALTER SALLES, JOHNNIE TO, RODRIGO PRIETO"
Fanny and Alexander,Collector’s Set,5,"RONAN FARROW, EDWARD BERGER, KIM CATTRALL, PHILIP KAUFMAN, RUBEN ÖSTLUND"
L’avventura,Michelangelo Antonioni,5,"JOSEPH KOSINSKI, JACQUES AUDIARD, ROGER & JAMES DEAKINS, ALEXANDER PAYNE, BENJAMIN MILLEPIED"
A Face in the Crowd,Elia Kazan,5,"ARI ASTER, JULIA FOX, MOLLY RINGWALD, MARC MARON, NEAL BRENNAN"
Quadrophenia,Franc Roddam,5,"SIMON PEGG, DYLAN BAKER, LILY GLADSTONE & ERICA TREMBLAY, ISABEL SANDOVAL, NICOLAS WINDING REFN"
Eclipse Series 2: The Documentaries of Louis Malle,Collector’s Set,5,"FRANÇOIS GIRARD, JULIETTE BINOCHE AND RALPH FIENNES, PAYAL KAPADIA, JENNI OLSON, THE QUAY BROTHERS"
L’argent,Robert Bresson,5,"FRANÇOIS GIRARD, JOSH AND BENNY SAFDIE, ANNIE BAKER AND LUCIAN JOHNSTON, HLYNUR PÁLMASON, TYLER MITCHELL"
Three Colors,Collector’s Set,5,"DIEGO LUNA, DENIS VILLENEUVE, JOHNNIE TO, BARRY JENKINS, LEE UNKRICH"
Trilogy of Life,Collector’s Set,5,"NATASHA LYONNE, PAYAL KAPADIA, SARITA CHOUDHURY, LAURIE ANDERSON, SAUL WILLIAMS AND ANISIA UZEYMAN"
A Special Day,Ettore Scola,5,"CLAUDE LELOUCH, CHIARA MASTROIANNI, SARITA CHOUDHURY, CHARLES MELTON, ALEXANDER PAYNE"
La notte,Michelangelo Antonioni,5,"JIA ZHANGKE, GRIFFIN DUNNE, WALTER SALLES, AGNIESZKA HOLLAND, PARK CHAN-WOOK"
Good Morning,Yasujiro Ozu,5,"JIA ZHANGKE, PAUL DANO, MICHAEL CERA, FIVE COMICS, IRA SACHS"
Sullivan’s Travels,Preston Sturges,5,"KEVIN BACON, JOHN LITHGOW, KIM CATTRALL, JAMES L. BROOKS, ETHAN HAWKE AND JONATHAN MARC SHERMAN"
Eclipse Series 3: Late Ozu,Collector’s Set,5,"KARYN KUSAMA, JULIETTE BINOCHE AND RALPH FIENNES, ISABELLE HUPPERT, HIDEO KOJIMA, TYLER MITCHELL"
La Ciénaga,Lucrecia Martel,5,"AZAZEL JACOBS, BARRY JENKINS, TYLER MITCHELL, MATÍAS PIÑEIRO, RAVEN JACKSON"
A Film Trilogy by Ingmar Bergman,Collector’s Set,5,"DENIS VILLENEUVE, AMIR NADERI, THEODORE WITCHER, EUZHAN PALCY, RENATE REINSVE"
Cure,Kiyoshi Kurosawa,5,"CHIARA MASTROIANNI, ARI ASTER, KOJI YAKUSHO, KOJI YAKUSHO, CHARLES MELTON"
The Essential Jacques Demy,Collector’s Set,5,"JOHN DAVID WASHINGTON AND MALCOLM WASHINGTON, BARRY JENKINS, PAUL DANO, JOACHIM TRIER, ETHAN HAWKE AND JONATHAN MARC SHERMAN"
Rumble Fish,Francis Ford Coppola,5,"FRANCIS FORD COPPOLA, BEN WHEATLEY, WILCO, RODRIGO PRIETO, ETHAN HAWKE AND JONATHAN MARC SHERMAN"
His Girl Friday,Howard Hawks,5,"KEVIN SMITH, CLAIRE DENIS, ALICIA MALONE, ALDEN EHRENREICH, RON SHELTON"
High and Low,Akira Kurosawa,5,"GINTS ZILBALODIS, AYO EDEBIRI, HIDEO KOJIMA, GARRETT BRADLEY, JOACHIM TRIER"
Onibaba,Kaneto Shindo,5,"JENNIFER KENT, WILLEM DAFOE, HIDEO KOJIMA, LILA AVILÉS, MANUEL GARCIA-RULFO"
A Man Escaped,Robert Bresson,5,"JENNIFER KENT, BILL HADER, CATE BLANCHETT AND TODD FIELD, JOSH AND BENNY SAFDIE, GARRETT BRADLEY"
Seconds,John Frankenheimer,5,"MICHAEL SHANNON, PAUL GIAMATTI, BEN WHEATLEY, SUSANNA HOFFS, LEE UNKRICH"
Female Trouble,John Waters,5,"LEE DANIELS, MARC MARON, ST. VINCENT, VICKY KRIEPS, JACQUELINE NOVAK AND JOHN EARLY"
Ratcatcher,Lynne Ramsay,5,"BARRY JENKINS, HLYNUR PÁLMASON, GINA PRINCE-BYTHEWOOD, DESIREE AKHAVAN, RAVEN JACKSON"
Crumb,Terry Zwigoff,5,"CHELSEA PERETTI, BEN WHEATLEY, FIVE COMICS, OWEN KLINE, PHILIP KAUFMAN"
Petite maman,Céline Sciamma,4,"JODIE FOSTER, AIMEE LOU WOOD, AMELIA DIMOLDENBERG, BILL HADER"
La haine,Mathieu Kassovitz,4,"JODIE FOSTER, RZA, JR, BARRY JENKINS"
Wings of Desire,Wim Wenders,4,"JODIE FOSTER, ATOM EGOYAN, ALAN PALOMO, PATRICK BRICE"
Berlin Alexanderplatz,Rainer Werner Fassbinder,4,"JODIE FOSTER, MIKE LEIGH, ETHAN HAWKE AND JONATHAN MARC SHERMAN, BARBARA SUKOWA"
Walkabout,Nicolas Roeg,4,"ATOM EGOYAN, ARI ASTER, JOSH AND BENNY SAFDIE, ALICIA MALONE"
Il posto,Ermanno Olmi,4,"WAGNER MOURA, CHARLES BURNETT, MAURA DELPERO, JOSH AND BENNY SAFDIE"
Thief,Michael Mann,4,"RYAN COOGLER, AMY IRVING, AYO EDEBIRI, PATRICK BRICE"
The Grifters,Stephen Frears,4,"DANNY BOYLE, LUCY LIU, CLAIRE DANES, ARI ASTER"
Trainspotting,Danny Boyle,4,"ROSE BYRNE, BEN AFFLECK, JARVIS COCKER, CHELSEA PERETTI"
Rushmore,Wes Anderson,4,"TED DANSON & MARY STEENBURGEN, LAURA ALBERT & JEFF FEUERZEIG, THE WOLFPACK, FLYING LOTUS"
Lost Highway,David Lynch,4,"LAV DIAZ, JOSH BROLIN, MARY HARRON, AGNÈS B."
Le samouraï,Jean-Pierre Melville,4,"LAV DIAZ, JOSEPH KOSINSKI, CHARLES MELTON, RAÚL CASTILLO"
The Tin Drum,Volker Schlöndorff,4,"WILL ARNETT, RAMELL ROSS, KERRY CONDON, RICHARD E. GRANT"
Pina,Wim Wenders,4,"FLORENCE WELCH, KATYA ZAMOLODCHIKOVA, KEN BURNS, MAYA AND ETHAN HAWKE"
I Married a Witch,René Clair,4,"FLORENCE WELCH, CHERYL DUNYE, SEAN BAKER, LAURIE ANDERSON"
Black Narcissus,Michael Powell and Emeric Pressburger,4,"GUILLERMO DEL TORO, EDGAR WRIGHT, HARI NEF, ISABEL SANDOVAL"
Hollywood Shuffle,Robert Townsend,4,"VINCE STAPLES, BEN AFFLECK, KEVIN SMITH, CHELSEA PERETTI"
Tampopo,Juzo Itami,4,"BI GAN, KAHLIL JOSEPH, ANDREW GARFIELD, DANIELS"
To Be or Not to Be,Ernst Lubitsch,4,"TOM ROTHMAN, KEN BURNS, CHIARA MASTROIANNI, MATÍAS PIÑEIRO"
The Ice Storm,Ang Lee,4,"TOM ROTHMAN, SETH ROGEN & EVAN GOLDBERG, MAURA TIERNEY, CAROL KANE"
The Big Chill,Lawrence Kasdan,4,"TOM ROTHMAN, AIMEE LOU WOOD, JOEL KIM BOOSTER, FIVE COMICS"
Twin Peaks: Fire Walk with Me,David Lynch,4,"NIA DACOSTA, JOHN WATERS, GREGG ARAKI, JACQUELINE NOVAK AND JOHN EARLY"
Tiny Furniture,Lena Dunham,4,"RACHEL SENNOTT, JULIA FOX, JEREMY O. HARRIS, DESIREE AKHAVAN"
Some Like It Hot,Billy Wilder,4,"CLAIRE DANES, RICHARD E. GRANT, FIVE COMICS, RON SHELTON"
A Woman Under the Influence,John Cassavetes,4,"CLAIRE DANES, JAMIE LEE CURTIS, ZOË KRAVITZ AND CHANNING TATUM, CHARLOTTE WELLS"
The Virgin Suicides,Sofia Coppola,4,"ELLE FANNING, JULIA FOX, DAN LEVY, JULIO TORRES"
The Worst Person in the World,Joachim Trier,4,"ELLE FANNING, AMELIA DIMOLDENBERG, NATHALIE EMMANUEL, GREG GONZALEZ"
Matewan,John Sayles,4,"BILLY CRUDUP, ANDRÉ HOLLAND, WINONA RYDER, KEMP POWERS"
Rashomon,Akira Kurosawa,4,"NICK OFFERMAN, FRANÇOIS GIRARD, PAUL GIAMATTI, BARRY JENKINS"
Crash,David Cronenberg,4,"DIANE KRUGER, ETHEL CAIN, ROSANNA ARQUETTE, BERTRAND BONELLO"
World of Wong Kar Wai,Collector’s Set,4,"LUCA GUADAGNINO, BRADY CORBET, RAMELL ROSS, ALESSANDRO BORGHI, FELIX VAN GROENINGEN, AND CHARLOTTE VANDERMEERSCH"
"Chantal Akerman Masterpieces, 1968–1978",Collector’s Set,4,"MARK DUPLASS, KRISTIN SCOTT THOMAS, CHERYL DUNYE, ST. VINCENT"
Sid & Nancy,Alex Cox,4,"JOSH BROLIN, ROGER & JAMES DEAKINS, MARY HARRON, ALAN PALOMO"
A Matter of Life and Death,Michael Powell and Emeric Pressburger,4,"DAVID BYRNE, ANNIE BAKER AND LUCIAN JOHNSTON, SALLY POTTER, CHRISTIAN PETZOLD"
Miller’s Crossing,Joel Coen,4,"BEN AFFLECK, BARRY SONNENFELD, TIM BLAKE NELSON, ELVIS MITCHELL"
Dazed and Confused,Richard Linklater,4,"BEN AFFLECK, ST. VINCENT, VICKY KRIEPS, ISABEL SANDOVAL"
The Silence of the Lambs,Jonathan Demme,4,"BEN AFFLECK, BETSEY JOHNSON, TUNDE ADEBIMPE, ERIC BANA"
Breathless,Jean-Luc Godard,4,"SETH ROGEN & EVAN GOLDBERG, JOSEPH KOSINSKI, PAMELA ANDERSON, BARRY JENKINS"
The Cameraman,Edward Sedgwick,4,"SETH ROGEN & EVAN GOLDBERG, CHERYL DUNYE, MATTEO GARRONE, BILL AND TURNER ROSS"
The Killing,Stanley Kubrick,4,"SETH ROGEN & EVAN GOLDBERG, FRANÇOIS GIRARD, ZOË KRAVITZ AND CHANNING TATUM, THE WOLFPACK"
Original Cast Album: “Company”,D. A. Pennebaker,4,"JUDD APATOW, ANDREW GARFIELD, JEREMY O. HARRIS, JOHN DARNIELLE"
Elevator to the Gallows,Louis Malle,4,"KRISTIN SCOTT THOMAS, PETER WOLF, JOSEPH KOSINSKI, PAMELA ANDERSON"
McCabe & Mrs. Miller,Robert Altman,4,"BETSEY JOHNSON, GRIFFIN DUNNE, MARC MARON, KERRY CONDON"
Ghost Dog: The Way of the Samurai,Jim Jarmusch,4,"RZA, JOHN DAVID WASHINGTON AND MALCOLM WASHINGTON, RAMELL ROSS, WINONA RYDER"
Uncut Gems,Josh Safdie and Benny Safdie,4,"JAMIE LEE CURTIS, NATASHA LYONNE, MINNIE DRIVER, JOEL EDGERTON"
The Parallax View,Alan J. Pakula,4,"JOSEPH KOSINSKI, ARI ASTER, WILCO, ELVIS MITCHELL"
Five Easy Pieces,Bob Rafelson,4,"MIKEY MADISON, MICHAEL SHANNON, CALLUM TURNER, ETHAN HAWKE AND JONATHAN MARC SHERMAN"
Odd Man Out,Carol Reed,4,"DAVID CRONENBERG, DICK CAVETT, KEN BURNS, JOHN DWYER"
Stagecoach,John Ford,4,"DICK CAVETT, BILL POPE, PARK CHAN-WOOK, THE WOLFPACK"
David Lean Directs Noël Coward,Collector’s Set,4,"DICK CAVETT, FRANCIS FORD COPPOLA, JACK GARFEIN, CHARLOTTE WELLS"
My Life as a Dog,Lasse Hallström,4,"SIMON PEGG, JOEL EDGERTON, CARL FRANKLIN, COLIN QUINN"
Black Girl,Ousmane Sembène,4,"TUNDE ADEBIMPE, ROSINE MBAKAM, YO LA TENGO, CAULEEN SMITH"
Safe,Todd Haynes,4,"BARBIE FERREIRA, CHARLES MELTON, PETER SARSGAARD, DESIREE AKHAVAN"
Being John Malkovich,Spike Jonze,4,"PAUL W. DOWNS, MICHAEL SHANNON, CHARLOTTE GAINSBOURG, BEN SINCLAIR"
Cold War,Paweł Pawlikowski,4,"AIMEE LOU WOOD, EDWARD BERGER, BILL HADER, MANUEL GARCIA-RULFO"
The Complete Monterey Pop Festival,Collector’s Set,4,"QUESTLOVE, BEN GIBBARDS, RICKIE LEE JONES, YO LA TENGO"
Gimme Shelter,"David Maysles, Albert Maysles, and Charlotte Zwerin",4,"QUESTLOVE, KEVIN BACON, MARC MARON, THE WOLFPACK"
Amarcord,Federico Fellini,4,"DIEGO LUNA, BILL HADER, LUCRECIA MARTEL, PHILIP KAUFMAN"
Umberto D.,Vittorio De Sica,4,"NATASHA LYONNE, MOLLY RINGWALD, WILLIAM FRIEDKIN, MARCO BELLOCCHIO"
Sunday Bloody Sunday,John Schlesinger,4,"NATASHA LYONNE, WILLIAM FRIEDKIN, FIVE COMICS, LAURIE ANDERSON"
The Spirit of the Beehive,Víctor Erice,4,"MICHELLE ZAUNER, KLEBER MENDONÇA FILHO, HLYNUR PÁLMASON, DESIREE AKHAVAN"
Mean Streets,Martin Scorsese,4,"ROSAMUND PIKE, CHIARA MASTROIANNI, JR, CALLUM TURNER"
All About My Mother,Pedro Almodóvar,4,"JULIA FOX, KERRY CONDON, AGNÈS B., TRACE LYSETTE"
The Exterminating Angel,Luis Buñuel,4,"ALAIN GUIRAUDIE, AZAZEL JACOBS, EDWARD BERGER, BEN GIBBARDS"
The Qatsi Trilogy,Collector’s Set,4,"KARYN KUSAMA, RAMELL ROSS, GINTS ZILBALODIS, BENJAMIN MILLEPIED"
Girlfriends,Claudia Weill,4,"AZAZEL JACOBS, AMELIA DIMOLDENBERG, JEREMY O. HARRIS, CHELSEA PERETTI"
Rebecca,Alfred Hitchcock,4,"KEN BURNS, CHIARA MASTROIANNI, TYLER MITCHELL, FLOYD NORMAN"
Life Is Sweet,Mike Leigh,4,"HARRIS DICKINSON, PARK CHAN-WOOK, DESIREE AKHAVAN, SEAN BAKER"
The Night of the Hunter,Charles Laughton,4,"CHIARA MASTROIANNI, CHARLOTTE GAINSBOURG, KERRY CONDON, AGNÈS B."
The Lady Vanishes,Alfred Hitchcock,4,"JOHN LITHGOW, LUCRECIA MARTEL, EUZHAN PALCY, RON SHELTON"
Fantastic Mr. Fox,Wes Anderson,4,"NICHOLAS HOULT, JARVIS COCKER, GINTS ZILBALODIS, FLYING LOTUS"
Eclipse Series 23: The First Films of Akira Kurosawa,Collector’s Set,4,"JULIETTE BINOCHE AND RALPH FIENNES, JOHNNIE TO, MARIANNE JEAN-BAPTISTE & MIKE LEIGH, BENJAMIN MILLEPIED"
M,Fritz Lang,4,"JACQUES AUDIARD, WILLIAM FRIEDKIN, AMY HECKERLING, THE WOLFPACK"
Time,Garrett Bradley,4,"WALTER SALLES, TYLER MITCHELL, BILL AND TURNER ROSS, SAUL WILLIAMS AND ANISIA UZEYMAN"
Stalker,Andrei Tarkovsky,4,"RAMELL ROSS, ANNA KENDRICK, CAULEEN SMITH, FLYING LOTUS"
Harakiri,Masaki Kobayashi,4,"JOHNNIE TO, KOJI YAKUSHO, HIDEO KOJIMA, KOJI YAKUSHO"
Local Hero,Bill Forsyth,4,"DYLAN BAKER, LILY GLADSTONE & ERICA TREMBLAY, CAROL KANE, JASON SCHWARTZMAN"
Eclipse Series 24: The Actuality Dramas of Allan King,Collector’s Set,4,"BILL HADER, MICHAEL CERA, TIM ROBBINS, ALDEN EHRENREICH"
Cat People,Jacques Tourneur,4,"BILL HADER, PAUL GIAMATTI, KIM CATTRALL, LUCRECIA MARTEL"
Midnight Cowboy,John Schlesinger,4,"ZOË KRAVITZ AND CHANNING TATUM, SUSANNA HOFFS, BEN SINCLAIR, ALDEN EHRENREICH"
Mishima: A Life in Four Chapters,Paul Schrader,4,"ARI ASTER, HARI NEF, ISABEL SANDOVAL, JOACHIM TRIER"
Burden of Dreams,Les Blank,4,"MARC MARON, LILA AVILÉS, SARA DOSA, THE WOLFPACK"
Carnival of Souls,Herk Harvey,4,"PAUL GIAMATTI, YO LA TENGO, LUCRECIA MARTEL, FLYING LOTUS"
Solaris,Andrei Tarkovsky,4,"PAUL GIAMATTI, ROGER & JAMES DEAKINS, JOACHIM TRIER, THE WOLFPACK"
The Signifyin’ Works of Marlon Riggs,Collector’s Set,4,"CHERYL DUNYE, KLEBER MENDONÇA FILHO, JOHN DARNIELLE, GARRETT BRADLEY"
Le Havre,Aki Kaurismäki,4,"BEN GIBBARDS, THE QUAY BROTHERS, RICHARD AYOADE, VOLKER SCHLÖNDORFF"
Stage and Spectacle: Three Films by Jean Renoir,Collector’s Set,4,"MATÍAS PIÑEIRO, JACK GARFEIN, PHILIP KAUFMAN, RENATE REINSVE"
Portrait of a Lady on Fire,Céline Sciamma,3,"JODIE FOSTER, AMELIA DIMOLDENBERG, LINA RODRIGUEZ"
Michael Haneke: Trilogy,Collector’s Set,3,"ATOM EGOYAN, ARI ASTER, JOEL EDGERTON"
Working Girls,Lizzie Borden,3,"ATOM EGOYAN, ROSANNA ARQUETTE, SARITA CHOUDHURY"
The Night Porter,Liliana Cavani,3,"ATOM EGOYAN, KRISTIN SCOTT THOMAS, PETER SARSGAARD"
Martin Scorsese’s World Cinema Project No. 3,Collector’s Set,3,"WAGNER MOURA, KLEBER MENDONÇA FILHO, CARL FRANKLIN"
Martin Scorsese’s World Cinema Project No. 2,Collector’s Set,3,"WAGNER MOURA, HARRIS DICKINSON, PAYAL KAPADIA"
Rosetta,Luc Dardenne and Jean-Pierre Dardenne,3,"WAGNER MOURA, CILLIAN MURPHY, JOHN DAVID WASHINGTON AND MALCOLM WASHINGTON"
love jones,Theodore Witcher,3,"RYAN COOGLER, TRACE LYSETTE, ELVIS MITCHELL"
An Unmarried Woman,Paul Mazursky,3,"ROSE BYRNE, JASON SCHWARTZMAN, TRACE LYSETTE"
Hobson’s Choice,David Lean,3,"TED DANSON & MARY STEENBURGEN, AZAZEL JACOBS, CAROL KANE"
Ugetsu,Kenji Mizoguchi,3,"LAV DIAZ, JULIA FOX, HIDEO KOJIMA"
Les Blank: Always for Pleasure,Les Blank,3,"WILL ARNETT, MATÍAS PIÑEIRO, BILL AND TURNER ROSS"
Häxan,Benjamin Christensen,3,"FLORENCE WELCH, JENNIFER KENT, CATE BLANCHETT AND TODD FIELD"
Jackie Chan: Emergence of a Superstar,Collector’s Set,3,"LUCY LIU, SETH ROGEN & EVAN GOLDBERG, JOHN DAVID WASHINGTON AND MALCOLM WASHINGTON"
"Jo Jo Dancer, Your Life Is Calling",Richard Pryor,3,"VINCE STAPLES, NATASHA LYONNE, CARRIE COON"
The Philadelphia Story,George Cukor,3,"TOM ROTHMAN, DICK CAVETT, JOEL KIM BOOSTER"
Carnal Knowledge,Mike Nichols,3,"YORGOS LANTHIMOS, BILLY CRUDUP, BENNY SAFDIE"
Breaking the Waves,Lars von Trier,3,"UDO KIER, PETER SARSGAARD, UDO KIER"
A Hard Day’s Night,Richard Lester,3,"EDGAR WRIGHT, AMELIA DIMOLDENBERG, MIKE LEIGH"
America Lost and Found: The BBS Story,Collector’s Set,3,"EDGAR WRIGHT, MICHAEL SHANNON, WILCO"
Dogfight,Nancy Savoca,3,"CLAIRE DANES, KARYN KUSAMA, KERRY CONDON"
Daisies,Věra Chytilová,3,"ELLE FANNING, ROSAMUND PIKE, ARI ASTER"
Bringing Up Baby,Howard Hawks,3,"ELLE FANNING, GREGG ARAKI, NEAL BRENNAN"
I Knew Her Well,Antonio Pietrangeli,3,"ELLE FANNING, ISABELLE HUPPERT, DESIREE AKHAVAN"
Dead Man,Jim Jarmusch,3,"NICK OFFERMAN, DAVID BYRNE, BILL AND TURNER ROSS"
Wim Wenders: The Road Trilogy,Collector’s Set,3,"BENNY SAFDIE, JEREMY THOMAS, GARRETT BRADLEY"
The Great Escape,John Sturges,3,"BENNY SAFDIE, AMY IRVING, ERIC BANA"
Dietrich & von Sternberg in Hollywood,Collector’s Set,3,"DIANE KRUGER, MOLLY RINGWALD, ALESSANDRO BORGHI, FELIX VAN GROENINGEN, AND CHARLOTTE VANDERMEERSCH"
Easy Rider,Dennis Hopper,3,"DIANE KRUGER, MIKEY MADISON, CRISTIAN MUNGIU"
The Naked Kiss,Samuel Fuller,3,"LUCA GUADAGNINO, HARI NEF, OWEN KLINE"
Drugstore Cowboy,Gus Van Sant,3,"JOSH BROLIN, MATT DILLON, BARBIE FERREIRA"
Paper Moon,Peter Bogdanovich,3,"ALICIA SILVERSTONE, JAMIE LEE CURTIS, MAURA TIERNEY"
Menace II Society,Albert Hughes and Allen Hughes,3,"WYCLEF JEAN, JOHN DAVID WASHINGTON AND MALCOLM WASHINGTON, NEAL BRENNAN"
The Elephant Man,David Lynch,3,"BEN AFFLECK, MICHAEL SHANNON, KYLE MACLACHLAN"
George Washington,David Gordon Green,3,"JUDD APATOW, BARRY JENKINS, KERRY CONDON"
Ivan’s Childhood,Andrei Tarkovsky,3,"KRISTIN SCOTT THOMAS, JERZY SKOLIMOWSKI, NICOLAS WINDING REFN"
Touki bouki,Djibril Diop Mambéty,3,"MATT DILLON, BILL AND TURNER ROSS, SAUL WILLIAMS AND ANISIA UZEYMAN"
Band of Outsiders,Jean-Luc Godard,3,"PETER WOLF, MOLLY RINGWALD, BILL POPE"
The Manchurian Candidate,John Frankenheimer,3,"JAMIE LEE CURTIS, KYLE MACLACHLAN, JOHN DWYER"
Eyes Without a Face,Georges Franju,3,"MIKEY MADISON, CHARLES MELTON, LUCRECIA MARTEL"
Mystery Train,Jim Jarmusch,3,"BOWEN YANG, ALAN PALOMO, PATRICK BRICE"
The Vanishing,George Sluizer,3,"BARBIE FERREIRA, ZOË KRAVITZ AND CHANNING TATUM, ASIF KAPADIA"
Betty Blue,Jean-Jacques Beineix,3,"BARBIE FERREIRA, MINNIE DRIVER, GARRETT BRADLEY"
Polyester,John Waters,3,"BARBIE FERREIRA, KATYA ZAMOLODCHIKOVA, RODARTE"
Red Desert,Michelangelo Antonioni,3,"BARBIE FERREIRA, PARK CHAN-WOOK, PAUL B. PRECIADO"
Election,Alexander Payne,3,"PAUL W. DOWNS, DAN LEVY, TAVI GEVINSON"
Town Bloody Hall,Chris Hegedus and D. A. Pennebaker,3,"LENA DUNHAM, NATASHA LYONNE, MAURA TIERNEY"
Night on Earth,Jim Jarmusch,3,"LENA DUNHAM, ERIC BANA, MARIANNE JEAN-BAPTISTE & MIKE LEIGH"
Broadcast News,James L. Brooks,3,"AIMEE LOU WOOD, GINA PRINCE-BYTHEWOOD, TAVI GEVINSON"
Bamboozled,Spike Lee,3,"QUESTLOVE, JANE SCHOENBRUN, NEAL BRENNAN"
Belle de jour,Luis Buñuel,3,"KATYA ZAMOLODCHIKOVA, CHARLOTTE GAINSBOURG, HARI NEF"
L’eclisse,Michelangelo Antonioni,3,"ROSAMUND PIKE, SARITA CHOUDHURY, VOLKER SCHLÖNDORFF"
A Taste of Honey,Tony Richardson,3,"ROSAMUND PIKE, KIM CATTRALL, RICKIE LEE JONES"
Scorsese Shorts,Martin Scorsese,3,"ROSAMUND PIKE, JOHNNIE TO, LILY GLADSTONE & ERICA TREMBLAY"
Roberto Rossellini’s War Trilogy,Collector’s Set,3,"ALAIN GUIRAUDIE, EDWARD BERGER, MATTEO GARRONE"
Eric Rohmer’s Tales of the Four Seasons,Collector’s Set,3,"CARRIE COON, MOLLY RINGWALD, GREG GONZALEZ"
The Damned,Luchino Visconti,3,"KARYN KUSAMA, BRADY CORBET, CARL FRANKLIN"
The Ascent,Larisa Shepitko,3,"BRADY CORBET, DYLAN BAKER, CATE BLANCHETT AND TODD FIELD"
The Watermelon Woman,Cheryl Dunye,3,"ZEINABU IRENE DAVIS, CHERYL DUNYE, TYLER MITCHELL"
Saint Omer,Alice Diop,3,"ZEINABU IRENE DAVIS, ISABELLE HUPPERT, ANNA KENDRICK"
Breaker Morant,Bruce Beresford,3,"ERIC BANA, ALICIA MALONE, ETHAN HAWKE AND JONATHAN MARC SHERMAN"
Divorce Italian Style,Pietro Germi,3,"CHIARA MASTROIANNI, LESLIE HARRIS, MIKE LEIGH"
Things to Come,William Cameron Menzies,3,"CHIARA MASTROIANNI, BEN WHEATLEY, NICOLAS WINDING REFN"
Vampyr,Carl Th. Dreyer,3,"JACQUES AUDIARD, WILLIAM FRIEDKIN, THE QUAY BROTHERS"
Andrei Rublev,Andrei Tarkovsky,3,"WALTER SALLES, NURI BILGE CEYLAN, MATTEO GARRONE"
The Prince of Tides,Barbra Streisand,3,"KEVIN SMITH, LILA AVILÉS, KERRY CONDON"
Deep Cover,Bill Duke,3,"KEVIN SMITH, KEMP POWERS, THEODORE WITCHER"
Ashes and Diamonds,Andrzej Wajda,3,"MARIANNE JEAN-BAPTISTE & MIKE LEIGH, WILLEM DAFOE, JERZY SKOLIMOWSKI"
EO,Jerzy Skolimowski,3,"MARIANNE JEAN-BAPTISTE & MIKE LEIGH, JR, CHARLES MELTON"
After Hours,Martin Scorsese,3,"GINTS ZILBALODIS, JULIO TORRES, KLEBER MENDONÇA FILHO"
Lost in America,Albert Brooks,3,"WINONA RYDER, KLEBER MENDONÇA FILHO, JAMES L. BROOKS"
Salvatore Giuliano,Francesco Rosi,3,"BILL HADER, JOHN DARNIELLE, IRA SACHS"
The Fisher King,Terry Gilliam,3,"ZOË KRAVITZ AND CHANNING TATUM, CAROL KANE, ALESSANDRO BORGHI, FELIX VAN GROENINGEN, AND CHARLOTTE VANDERMEERSCH"
Old Joy,Kelly Reichardt,3,"LILY GLADSTONE & ERICA TREMBLAY, BEN GIBBARDS, BEN SINCLAIR"
Frances Ha,Noah Baumbach,3,"LILY GLADSTONE & ERICA TREMBLAY, MAYA AND ETHAN HAWKE, FIVE COMICS"
An Angel at My Table,Jane Campion,3,"MAYA AND ETHAN HAWKE, MINNIE DRIVER, LEE UNKRICH"
Tess,Roman Polanski,3,"MAYA AND ETHAN HAWKE, JOSH AND BENNY SAFDIE, BONG JOON HO"
Bottle Rocket,Wes Anderson,3,"AYO EDEBIRI, M.I.A. AND STEPHEN LOVERIDGE, PATRICK BRICE"
The Funeral,Juzo Itami,3,"AYO EDEBIRI, KOJI YAKUSHO, KOJI YAKUSHO"
Weekend,Andrew Haigh,3,"DAN LEVY, BARRY JENKINS, RAVEN JACKSON"
The Devil’s Backbone,Guillermo del Toro,3,"WILLEM DAFOE, EUZHAN PALCY, RAVEN JACKSON"
My Winnipeg,Guy Maddin,3,"CATE BLANCHETT AND TODD FIELD, WILCO, LAURIE ANDERSON"
Diamonds of the Night,Jan Němec,3,"AGNIESZKA HOLLAND, ST. VINCENT, JERZY SKOLIMOWSKI"
Red Beard,Akira Kurosawa,3,"KOJI YAKUSHO, KOJI YAKUSHO, ALEXANDER PAYNE"
The Killing of a Chinese Bookie,John Cassavetes,3,"WILLIAM FRIEDKIN, TIM BLAKE NELSON, MARY HARRON"
Beyond the Valley of the Dolls,Russ Meyer,3,"JOHN WATERS, SUSANNA HOFFS, YO LA TENGO"
Day for Night,François Truffaut,3,"SARITA CHOUDHURY, RICHARD E. GRANT, DESIREE AKHAVAN"
Nashville,Robert Altman,3,"KIM CATTRALL, RICHARD E. GRANT, TIM ROBBINS"
Antichrist,Lars von Trier,3,"CHARLOTTE GAINSBOURG, BILL HADER, SLAVOJ ŽIŽEK"
Cronos,Guillermo del Toro,3,"BONG JOON HO, KEMP POWERS, EUZHAN PALCY"
Don’t Look Now,Nicolas Roeg,3,"GINA GERSHON, KLEBER MENDONÇA FILHO, ASIF KAPADIA"
Design for Living,Ernst Lubitsch,3,"ANNIE BAKER AND LUCIAN JOHNSTON, HARI NEF, LAURIE ANDERSON"
Eclipse Series 12: Aki Kaurismäki’s Proletariat Trilogy,Collector’s Set,3,"BEN GIBBARDS, LILA AVILÉS, THE QUAY BROTHERS"
Knife in the Water,Roman Polanski,3,"NURI BILGE CEYLAN, FREDERICK WISEMAN, DESIREE AKHAVAN"
Me and You and Everyone We Know,Miranda July,3,"CHELSEA PERETTI, SARA DOSA, NEAL BRENNAN"
My Man Godfrey,Gregory La Cava,3,"RICKIE LEE JONES, MARY HARRON, FLOYD NORMAN"
Eclipse Series 19: Chantal Akerman in the Seventies,Collector’s Set,3,"TAVI GEVINSON, SEAN BAKER, CHARLOTTE WELLS"
"Black God, White Devil",Glauber Rocha,2,"WAGNER MOURA, YORGOS LANTHIMOS"
The Kid with a Bike,Jean-Pierre Dardenne and Luc Dardenne,2,"WAGNER MOURA, CALLUM TURNER"
Following,Christopher Nolan,2,"RYAN COOGLER, THE WOLFPACK"
I Am Cuba,Mikhail Kalatozov,2,"DANNY BOYLE, LAV DIAZ"
Funny Girl,William Wyler,2,"TED DANSON & MARY STEENBURGEN, AIMEE LOU WOOD"
Inland Empire,David Lynch,2,"TED DANSON & MARY STEENBURGEN, YORGOS LANTHIMOS"
Brief Encounter,David Lean,2,"TED DANSON & MARY STEENBURGEN, PARK CHAN-WOOK"
Werckmeister Harmonies,Béla Tarr and Ágnes Hranitzky,2,"LAV DIAZ, JANE SCHOENBRUN"
Persona,Ingmar Bergman,2,"LAV DIAZ, YORGOS LANTHIMOS"
Withnail and I,Bruce Robinson,2,"WILL ARNETT, FLORENCE WELCH"
Valerie and Her Week of Wonders,Jaromil Jireš,2,"FLORENCE WELCH, TAVI GEVINSON"
This Is Spinal Tap,Rob Reiner,2,"FLORENCE WELCH, JAMIE LEE CURTIS"
Salesman,"David Maysles, Albert Maysles, and Charlotte Zwerin",2,"GUILLERMO DEL TORO, ANDREW GARFIELD"
"The Wes Anderson Archive: Ten Films, Twenty-Five Years",Collector’s Set,2,"GUILLERMO DEL TORO, CILLIAN MURPHY"
Roma,Federico Fellini,2,"GUILLERMO DEL TORO, COLIN QUINN"
Au revoir les enfants,Louis Malle,2,"GUILLERMO DEL TORO, WINONA RYDER"
The Others,Alejandro Amenábar,2,"VINCE STAPLES, JOEL KIM BOOSTER"
Eclipse Series 31: Three Popular Films by Jean-Pierre Gorin,Collector’s Set,2,"VINCE STAPLES, CAULEEN SMITH"
Youth of the Beast,Seijun Suzuki,2,"BI GAN, JOHN DARNIELLE"
Topsy-Turvy,Mike Leigh,2,"RIAN JOHNSON, TIM BLAKE NELSON"
Winchester ’73,Anthony Mann,2,"TOM ROTHMAN, ARI ASTER"
The Power of the Dog,Jane Campion,2,"NIA DACOSTA, ELLE FANNING"
Blood for Dracula,Paul Morrissey,2,"UDO KIER, UDO KIER"
Flesh for Frankenstein,Paul Morrissey,2,"UDO KIER, UDO KIER"
"By Brakhage: An Anthology, Volumes One and Two",Collector’s Set,2,"DEREK CIANFRANCE, TUNDE ADEBIMPE"
Certified Copy,Abbas Kiarostami,2,"DEREK CIANFRANCE, RENATE REINSVE"
Something Wild,Jonathan Demme,2,"EDGAR WRIGHT, GREGG ARAKI"
The Three Musketeers / The Four Musketeers: Two Films by Richard Lester,Collector’s Set,2,"EDGAR WRIGHT, WYCLEF JEAN"
The Earrings of Madame de . . .,Max Ophuls,2,"EDGAR WRIGHT, PETER WOLF"
Tokyo Olympiad,Kon Ichikawa,2,"KAHLIL JOSEPH, ROGER & JAMES DEAKINS"
The Breakfast Club,John Hughes,2,"CLAIRE DANES, AZAZEL JACOBS"
Streetwise/Tiny: The Life of Erin Blackwell,Collector’s Set,2,"CLAIRE DANES, BEN GIBBARDS"
Kicking and Screaming,Noah Baumbach,2,"BILLY CRUDUP, MAYA AND ETHAN HAWKE"
Heart of a Dog,Laurie Anderson,2,"NICK OFFERMAN, WILCO"
Flow,Gints Zilbalodis,2,"BENNY SAFDIE, MARK DUPLASS"
The Red Balloon and Other Stories: Five Films by Albert Lamorisse,Collector’s Set,2,"BENNY SAFDIE, CHELSEA PERETTI"
Code Unknown,Michael Haneke,2,"CILLIAN MURPHY, ASIF KAPADIA"
The Last Temptation of Christ,Martin Scorsese,2,"LUCA GUADAGNINO, WILLEM DAFOE"
1984,Michael Radford,2,"ANOHNI, JANELLE MONÁE"
Slacker,Richard Linklater,2,"JAY DUPLASS, KEVIN SMITH"
Lone Star,John Sayles,2,"MARK DUPLASS, ARI ASTER"
Spartacus,Stanley Kubrick,2,"WYCLEF JEAN, LEE DANIELS"
La Bamba,Luis Valdez,2,"WYCLEF JEAN, GREG GONZALEZ"
Bull Durham,Ron Shelton,2,"BEN AFFLECK, KEVIN SMITH"
Fast Times at Ridgemont High,Amy Heckerling,2,"BEN AFFLECK, JUDD APATOW"
"It’s a Mad, Mad, Mad, Mad World",Stanley Kramer,2,"SETH ROGEN & EVAN GOLDBERG, DYLAN BAKER"
Funny Games,Michael Haneke,2,"SETH ROGEN & EVAN GOLDBERG, BEN SINCLAIR"
The Life Aquatic with Steve Zissou,Wes Anderson,2,"JUDD APATOW, WILLEM DAFOE"
Kameradschaft,G. W. Pabst,2,"JUDD APATOW, ROGER & JAMES DEAKINS"
The Awful Truth,Leo McCarey,2,"KRISTIN SCOTT THOMAS, GRIFFIN DUNNE"
Women in Love,Ken Russell,2,"KRISTIN SCOTT THOMAS, ISABEL SANDOVAL"
Purple Noon,René Clément,2,"KRISTIN SCOTT THOMAS, GAEL GARCIA BERNAL"
You Can Count on Me,Kenneth Lonergan,2,"KRISTIN SCOTT THOMAS, ARI ASTER"
Beau travail,Claire Denis,2,"MARGARET QUALLEY, JEREMY THOMAS"
Pickup on South Street,Samuel Fuller,2,"MATT DILLON, LEE DANIELS"
Chimes at Midnight,Orson Welles,2,"PETER WOLF, CARL FRANKLIN"
Monsoon Wedding,Mira Nair,2,"JAMIE LEE CURTIS, BARRY JENKINS"
Downhill Racer,Michael Ritchie,2,"JAMIE LEE CURTIS, EDWARD BERGER"
The Game,David Fincher,2,"JOSEPH KOSINSKI, ANDREW GARFIELD"
Summertime,David Lean,2,"PAMELA ANDERSON, ROSANNA ARQUETTE"
Take Out,Sean Baker and Shih-Ching Tsou,2,"MIKEY MADISON, BEN GIBBARDS"
Gilda,Charles Vidor,2,"MIKEY MADISON, ALICIA MALONE"
The Kid,Charles Chaplin,2,"MIKEY MADISON, ANNA KARINA"
Heaven’s Gate,Michael Cimino,2,"MIKEY MADISON, JOACHIM TRIER"
The Last Picture Show,Peter Bogdanovich,2,"ARI ASTER, GREG GONZALEZ"
Multiple Maniacs,John Waters,2,"BOWEN YANG, RODARTE"
Real Life,Albert Brooks,2,"BOWEN YANG, BILL HADER"
The Last Days of Disco,Whit Stillman,2,"BOWEN YANG, HARI NEF"
André Gregory & Wallace Shawn: 3 Films,Collector’s Set,2,"ROB DELANEY, LAURIE ANDERSON"
Akira Kurosawa’s Dreams,Akira Kurosawa,2,"TUNDE ADEBIMPE, GARRETT BRADLEY"
Pariah,Dee Rees,2,"TUNDE ADEBIMPE, ANDRÉ HOLLAND"
My Brilliant Career,Gillian Armstrong,2,"LENA DUNHAM, CAROL KANE"
Beastie Boys Video Anthology,Various,2,"QUESTLOVE, FIVE COMICS"
Dodes’ka-den,Akira Kurosawa,2,"CHARLES BURNETT, MARK RYLANCE"
A Day in the Country,Jean Renoir,2,"CHARLES BURNETT, MATÍAS PIÑEIRO"
I fidanzati,Ermanno Olmi,2,"CHARLES BURNETT, MAURA DELPERO"
Three Revolutionary Films by Ousmane Sembène,Collector’s Set,2,"CHARLES BURNETT, ZEINABU IRENE DAVIS"
Othello,Orson Welles,2,"FRANÇOIS GIRARD, MARCO BELLOCCHIO"
Exotica,Atom Egoyan,2,"FRANÇOIS GIRARD, LINA RODRIGUEZ"
Tótem,Lila Avilés,2,"DIEGO LUNA, AZAZEL JACOBS"
Hoop Dreams,Steve James,2,"NATASHA LYONNE, ANDREW GARFIELD"
Heaven Can Wait,Ernst Lubitsch,2,"NATASHA LYONNE, KIM CATTRALL"
Pandora’s Box,G. W. Pabst,2,"NATASHA LYONNE, AZAZEL JACOBS"
Querelle,Rainer Werner Fassbinder,2,"KATYA ZAMOLODCHIKOVA, LEE DANIELS"
Cries and Whispers,Ingmar Bergman,2,"AMY IRVING, RICHARD E. GRANT"
The Ranown Westerns: Five Films Directed by Budd Boetticher,Collector’s Set,2,"AMY IRVING, MARIANNE JEAN-BAPTISTE & MIKE LEIGH"
Crossing Delancey,Joan Micklin Silver,2,"AMY IRVING, CARRIE COON"
Le petit soldat,Jean-Luc Godard,2,"AMY IRVING, COLIN QUINN"
In a Lonely Place,Nicholas Ray,2,"GRIFFIN DUNNE, RODARTE"
Lars von Trier’s Europe Trilogy,Collector’s Set,2,"JULIA GARNER, DENIS VILLENEUVE"
The Mother and the Whore,Jean Eustache,2,"CARRIE COON, BRADY CORBET"
The Cremator,Juraj Herz,2,"CARRIE COON, MANUEL GARCIA-RULFO"
Mandabi,Ousmane Sembène,2,"CARRIE COON, ROSINE MBAKAM"
Miracle in Milan,Vittorio De Sica,2,"AZAZEL JACOBS, MARK RYLANCE"
The Hidden Fortress,Akira Kurosawa,2,"MARK RYLANCE, FLOYD NORMAN"
The Tree of Wooden Clogs,Ermanno Olmi,2,"MARK RYLANCE, MAURA DELPERO"
Small Axe,Collector’s Set,2,"MARK RYLANCE, NATHALIE EMMANUEL"
The Friends of Eddie Coyle,Peter Yates,2,"MARK RYLANCE, GINA GERSHON"
Death in Venice,Luchino Visconti,2,"BRADY CORBET, CARL FRANKLIN"
Drylongso,Cauleen Smith,2,"ZEINABU IRENE DAVIS, JOHN DAVID WASHINGTON AND MALCOLM WASHINGTON"
Hunger,Steve McQueen,2,"KEN BURNS, MARIANNE JEAN-BAPTISTE & MIKE LEIGH"
The Life of Oharu,Kenji Mizoguchi,2,"HARRIS DICKINSON, MARIANNE JEAN-BAPTISTE & MIKE LEIGH"
Che,Steven Soderbergh,2,"DENIS VILLENEUVE, ARI ASTER"
Fellini Satyricon,Federico Fellini,2,"DENIS VILLENEUVE, TRACE LYSETTE"
This Sporting Life,Lindsay Anderson,2,"JOHN LITHGOW, PAUL DANO"
Blow Out,Brian De Palma,2,"JOHN LITHGOW, PARK CHAN-WOOK"
Faces,John Cassavetes,2,"JOHN DAVID WASHINGTON AND MALCOLM WASHINGTON, DESIREE AKHAVAN"
Citizen Kane,Orson Welles,2,"NICHOLAS HOULT, KEVIN SMITH"
The Magnificent Ambersons,Orson Welles,2,"JULIETTE BINOCHE AND RALPH FIENNES, MAYA AND ETHAN HAWKE"
Au hasard Balthazar,Robert Bresson,2,"JULIETTE BINOCHE AND RALPH FIENNES, CALLUM TURNER"
"Dance, Girl, Dance",Dorothy Arzner,2,"FRANCIS FORD COPPOLA, SALLY POTTER"
2 or 3 Things I Know About Her,Jean-Luc Godard,2,"ISABELLE HUPPERT, BILL POPE"
Nothing but a Man,Michael Roemer,2,"ISABELLE HUPPERT, CALLUM TURNER"
Charulata,Satyajit Ray,2,"PAYAL KAPADIA, IRA SACHS"
Meantime,Mike Leigh,2,"JARVIS COCKER, JOSH AND BENNY SAFDIE"
The Grand Budapest Hotel,Wes Anderson,2,"JARVIS COCKER, JANE SCHOENBRUN"
Medicine for Melancholy,Barry Jenkins,2,"ANDRÉ HOLLAND, RAVEN JACKSON"
"Dr. Strangelove, or: How I Learned to Stop Worrying and Love the Bomb",Stanley Kubrick,2,"BARRY SONNENFELD, ​LUIS GUZMÁN"
Destry Rides Again,George Marshall,2,"DYLAN BAKER, ALDEN EHRENREICH"
The Passion of Joan of Arc,Carl Th. Dreyer,2,"ANNA KENDRICK, HLYNUR PÁLMASON"
The Last Wave,Peter Weir,2,"JENNIFER KENT, JEREMY THOMAS"
The Asphalt Jungle,John Huston,2,"BILL HADER, AGNÈS B."
The Rose,Mark Rydell,2,"ZOË KRAVITZ AND CHANNING TATUM, LAURA ALBERT & JEFF FEUERZEIG"
Rolling Thunder Revue: A Bob Dylan Story by Martin Scorsese,Martin Scorsese,2,"LILY GLADSTONE & ERICA TREMBLAY, WILCO"
The New World,Terrence Malick,2,"ARI ASTER, MANUEL GARCIA-RULFO"
Secret Sunshine,Chang-dong Lee,2,"ARI ASTER, SEAN BAKER"
Bigger Than Life,Nicholas Ray,2,"ARI ASTER, NICOLAS WINDING REFN"
Brand upon the Brain!,Guy Maddin,2,"ARI ASTER, ST. VINCENT"
La vie de Jésus,Bruno Dumont,2,"MOLLY RINGWALD, VICKY KRIEPS"
Kagemusha,Akira Kurosawa,2,"DAN LEVY, JOHN DARNIELLE"
Gate of Flesh,Seijun Suzuki,2,"WILLEM DAFOE, CLAIRE DENIS"
The Player,Robert Altman,2,"CHARLIE DAY, JOSH AND BENNY SAFDIE"
Dheepan,Jacques Audiard,2,"CATE BLANCHETT AND TODD FIELD, M.I.A. AND STEPHEN LOVERIDGE"
In Cold Blood,Richard Brooks,2,"CATE BLANCHETT AND TODD FIELD, ROGER & JAMES DEAKINS"
Summer with Monika,Ingmar Bergman,2,"CATE BLANCHETT AND TODD FIELD, CLAIRE DENIS"
My Dinner with André,Louis Malle,2,"CATE BLANCHETT AND TODD FIELD, TIM ROBBINS"
The Life and Death of Colonel Blimp,Michael Powell and Emeric Pressburger,2,"PAUL GIAMATTI, ALDEN EHRENREICH"
A Touch of Zen,King Hu,2,"JEREMY THOMAS, FLYING LOTUS"
Brute Force,Jules Dassin,2,"WILLIAM FRIEDKIN, BEN GIBBARDS"
Kwaidan,Masaki Kobayashi,2,"HIDEO KOJIMA, RODRIGO PRIETO"
"sex, lies, and videotape",Steven Soderbergh,2,"KYLE MACLACHLAN, FIVE COMICS"
Le cercle rouge,Jean-Pierre Melville,2,"KYLE MACLACHLAN, ROGER & JAMES DEAKINS"
My Beautiful Laundrette,Stephen Frears,2,"SARITA CHOUDHURY, JOSH AND BENNY SAFDIE"
The Hero,Satyajit Ray,2,"SARITA CHOUDHURY, JOEL EDGERTON"
Repulsion,Roman Polanski,2,"KIM CATTRALL, THE WOLFPACK"
Fox and His Friends,Rainer Werner Fassbinder,2,"JOSH AND BENNY SAFDIE, TAVI GEVINSON"
The Moment of Truth,Francesco Rosi,2,"JOSH AND BENNY SAFDIE, IRA SACHS"
Green for Danger,Sidney Gilliat,2,"CHARLOTTE GAINSBOURG, BILL HADER"
One-Eyed Jacks,Marlon Brando,2,"PAUL DANO, ETHAN HAWKE AND JONATHAN MARC SHERMAN"
Make Way for Tomorrow,Leo McCarey,2,"PAUL DANO, PAUL SCHEER"
Throne of Blood,Akira Kurosawa,2,"BONG JOON HO, MARCO BELLOCCHIO"
Medium Cool,Haskell Wexler,2,"BONG JOON HO, ALAN PALOMO"
Two-Lane Blacktop,Monte Hellman,2,"PAUL SCHEER, BEN WHEATLEY"
The Seventh Seal,Ingmar Bergman,2,"GINA GERSHON, ROGER & JAMES DEAKINS"
Island of Lost Souls,Erle C. Kenton,2,"DEVO: GERALD CASALE AND MARK MOTHERSBAUGH, JACQUELINE NOVAK AND JOHN EARLY"
Teorema,Pier Paolo Pasolini,2,"JEREMY O. HARRIS, AGNÈS B."
Metropolitan,Whit Stillman,2,"JEREMY O. HARRIS, TAVI GEVINSON"
The Bitter Tears of Petra von Kant,Rainer Werner Fassbinder,2,"ST. VINCENT, RUBEN ÖSTLUND"
Pierre Etaix,Collector’s Set,2,"JULIO TORRES, RENATE REINSVE"
Man Bites Dog,"Rémy Belvaux, André Bonzel, and Benoit Poelvoorde",2,"JOEL EDGERTON, FIVE COMICS"
Drive My Car,Ryusuke Hamaguchi,2,"CHARLES MELTON, BRIT MARLING AND ZAL BATMANGLIJ"
Time Bandits,Terry Gilliam,2,"BRIT MARLING AND ZAL BATMANGLIJ, LUCRECIA MARTEL"
The Double Life of Véronique,Krzysztof Kieślowski,2,"BRIT MARLING AND ZAL BATMANGLIJ, RODARTE"
The Magician,Ingmar Bergman,2,"PARK CHAN-WOOK, LAURIE ANDERSON"
Les cousins,Claude Chabrol,2,"PARK CHAN-WOOK, RICHARD AYOADE"
Le silence de la mer,Jean-Pierre Melville,2,"PARK CHAN-WOOK, ROGER & JAMES DEAKINS"
Canoa: A Shameful Memory,Felipe Cazals,2,"MANUEL GARCIA-RULFO, ALAN PALOMO"
Cría cuervos . . .,Carlos Saura,2,"HLYNUR PÁLMASON, PAUL B. PRECIADO"
Made in U.S.A,Jean-Luc Godard,2,"ANNA KARINA, FIVE COMICS"
The Horse’s Mouth,Ronald Neame,2,"BEN WHEATLEY, OWEN KLINE"
Watership Down,Martin Rosen,2,"BEN WHEATLEY, KEMP POWERS"
Masculin féminin,Jean-Luc Godard,2,"GREGG ARAKI, FLYING LOTUS"
’Round Midnight,Bertrand Tavernier,2,"CARL FRANKLIN, ELVIS MITCHELL"
Paths of Glory,Stanley Kubrick,2,"FREDERICK WISEMAN, OWEN KLINE"
The Samurai Trilogy,Collector’s Set,2,"JOHN DARNIELLE, ASIF KAPADIA"
Scenes from a Marriage,Ingmar Bergman,2,"LESLIE HARRIS, BARBARA SUKOWA"
4 by Agnès Varda,Collector’s Set,2,"LESLIE HARRIS, JOACHIM TRIER"
A Dry White Season,Euzhan Palcy,2,"GINA PRINCE-BYTHEWOOD, EUZHAN PALCY"
Fear and Loathing in Las Vegas,Terry Gilliam,2,"GINA PRINCE-BYTHEWOOD, ALAN PALOMO"
Tout va bien,Jean-Luc Godard and Jean-Pierre Gorin,2,"CLAIRE DENIS, LAURIE ANDERSON"
Eating Raoul,Paul Bartel,2,"PETER SARSGAARD, SEAN BAKER"
Hamlet,Laurence Olivier,2,"RICHARD E. GRANT, THE WOLFPACK"
The Graduate,Mike Nichols,2,"RICHARD E. GRANT, LEE UNKRICH"
Dressed to Kill,Brian De Palma,2,"GARRETT BRADLEY, TAVI GEVINSON"
Magnificent Obsession,Douglas Sirk,2,"JACQUELINE NOVAK AND JOHN EARLY, IRA SACHS"
Sisters,Brian De Palma,2,"RODARTE, RICHARD AYOADE"
The Lady Eve,Preston Sturges,2,"JAMES L. BROOKS, CHRISTIAN PETZOLD"
Rosemary’s Baby,Roman Polanski,2,"FIVE COMICS, THE WOLFPACK"
Pan’s Labyrinth,Guillermo del Toro,2,"FIVE COMICS, EUZHAN PALCY"
Shock Corridor,Samuel Fuller,2,"TIM ROBBINS, IRA SACHS"
Blind Chance,Krzysztof Kieślowski,2,"THEODORE WITCHER, ASIF KAPADIA"
Bad Timing,Nicolas Roeg,2,"JOANNA HOGG, BEN SINCLAIR"
Faya dayi,Jessica Beshir,2,"RAVEN JACKSON, SARA DOSA"
Jellyfish Eyes,Takashi Murakami,2,"SEAN BAKER, FLYING LOTUS"
The Human Condition,Masaki Kobayashi,2,"THE QUAY BROTHERS, THE WOLFPACK"
Carl Theodor Dreyer,Collector’s Set,2,"JACK GARFEIN, SLAVOJ ŽIŽEK"
The Magic Flute,Ingmar Bergman,2,"RICHARD AYOADE, IRA SACHS"
Visions of Eight,"Juri Ozerov, Mai Zetterling, Arthur Penn, Michael Pfleghar, Kon Ichikawa, Miloš Forman, Claude Lelouch, and John Schlesinger",1,JODIE FOSTER
Three Films by Mai Zetterling,Collector’s Set,1,JODIE FOSTER
Anora,Sean Baker,1,DANNY BOYLE
Prince of Broadway,Sean Baker,1,DANNY BOYLE
Letters from Fontainhas: Three Films by Pedro Costa,Collector’s Set,1,LAV DIAZ
Criterion Collection Canvas Bag,Bags,1,LAV DIAZ
All That Heaven Allows,Douglas Sirk,1,GUILLERMO DEL TORO
Lynch/Oz,Alexandre O. Philippe,1,VINCE STAPLES
Master of the House,Carl Th. Dreyer,1,BI GAN
Girlfight,Karyn Kusama,1,RIAN JOHNSON
Hell’s Angels,Howard Hughes,1,RIAN JOHNSON
Summer Hours,Olivier Assayas,1,NIA DACOSTA
Phoenix,Christian Petzold,1,NIA DACOSTA
Freaks / The Unknown / The Mystic: Tod Browning’s Sideshow Shockers,Collector’s Set,1,DEREK CIANFRANCE
Detour,Edgar G. Ulmer,1,KATHRYN BIGELOW
Army of Shadows,Jean-Pierre Melville,1,KATHRYN BIGELOW
The Confession,Costa-Gavras,1,KATHRYN BIGELOW
Hiroshima mon amour,Alain Resnais,1,KATHRYN BIGELOW
The Lodger: A Story of the London Fog,Alfred Hitchcock,1,KATHRYN BIGELOW
A Room with a View,James Ivory,1,NICK OFFERMAN
The War Room,Chris Hegedus and D. A. Pennebaker,1,BENNY SAFDIE
When We Were Kings,Leon Gast,1,BENNY SAFDIE
Yojimbo / Sanjuro: Two Samurai Films by Akira Kurosawa,Collector’s Set,1,JUNE SQUIBB
Diabolique,Henri-Georges Clouzot,1,JUNE SQUIBB
Shaft,Gordon Parks,1,JUNE SQUIBB
Buena Vista Social Club,Wim Wenders,1,JUNE SQUIBB
Cairo Station,Youssef Chahine,1,LUCA GUADAGNINO
Sorcerer,William Friedkin,1,LUCA GUADAGNINO
Night Moves,Arthur Penn,1,LUCA GUADAGNINO
Jubilee,Derek Jarman,1,ANOHNI
Night and Fog,Alain Resnais,1,ANOHNI
The Times of Harvey Milk,Robert Epstein,1,ANOHNI
3 Silent Classics by Josef von Sternberg,Collector’s Set,1,ANOHNI
Science Is Fiction: 23 Films by Jean Painlevé,Jean Painlevé,1,ANOHNI
Fanfan la Tulipe,Christian-Jaque,1,MARION COTILLARD
The Great Dictator,Charles Chaplin,1,MARION COTILLARD
Smooth Talk,Joyce Chopra,1,ALICIA SILVERSTONE
It Happened One Night,Frank Capra,1,ALICIA SILVERSTONE
The 39 Steps,Alfred Hitchcock,1,DAVID BYRNE
Armageddon,Michael Bay,1,BEN AFFLECK
Samurai Spy,Masahiro Shinoda,1,SETH ROGEN & EVAN GOLDBERG
The Infernal Affairs Trilogy,Collector’s Set,1,SETH ROGEN & EVAN GOLDBERG
Guillermo del Toro’s Pinocchio,Guillermo del Toro and Mark Gustafson,1,JUDD APATOW
Casque d’or,Jacques Becker,1,KRISTIN SCOTT THOMAS
I Know Where I’m Going!,Michael Powell and Emeric Pressburger,1,PETER WOLF
Once Upon a Time in China: The Complete Films,Collector’s Set,1,RZA
Danton,Andrzej Wajda,1,JAMIE LEE CURTIS
La vérité,Henri-Georges Clouzot,1,PAMELA ANDERSON
Fists in the Pocket,Marco Bellocchio,1,PAMELA ANDERSON
"Lacombe, Lucien",Louis Malle,1,ARI ASTER
Revanche,Götz Spielmann,1,ARI ASTER
Graduation,Cristian Mungiu,1,ARI ASTER
Targets,Peter Bogdanovich,1,ARI ASTER
Young Mr. Lincoln,John Ford,1,ARI ASTER
Every Man for Himself,Jean-Luc Godard,1,DICK CAVETT
Only Angels Have Wings,Howard Hawks,1,DICK CAVETT
The Umbrellas of Cherbourg,Jacques Demy,1,ROB DELANEY
Mildred Pierce,Michael Curtiz,1,BARBIE FERREIRA
Gregg Araki’s Teen Apocalypse Trilogy,Collector’s Set,1,BARBIE FERREIRA
Vanya on 42nd Street,Louis Malle,1,PAUL W. DOWNS
Streetwise,Martin Bell,1,LENA DUNHAM
Okja,Bong Joon Ho,1,LENA DUNHAM
Killer of Sheep,Charles Burnett,1,CHARLES BURNETT
Double Indemnity,Billy Wilder,1,CHARLES BURNETT
The Thin Red Line,Terrence Malick,1,FRANÇOIS GIRARD
Merry Christmas Mr. Lawrence,Nagisa Oshima,1,FRANÇOIS GIRARD
Macbeth,Roman Polanski,1,FRANÇOIS GIRARD
Carlos,Olivier Assayas,1,DIEGO LUNA
Still Walking,Hirokazu Kore-eda,1,MICHELLE ZAUNER
Martin Scorsese’s World Cinema Project No. 1,Collector’s Set,1,MICHELLE ZAUNER
All of Us Strangers,Andrew Haigh,1,KATYA ZAMOLODCHIKOVA
Swing Time,George Stevens,1,CLAUDE LELOUCH
The Circus,Charles Chaplin,1,CLAUDE LELOUCH
Il sorpasso,Dino Risi,1,CLAUDE LELOUCH
I Am Curious,Collector’s Set,1,ROSAMUND PIKE
Mississippi Masala,Mira Nair,1,ROSANNA ARQUETTE
Taste of Cherry,Abbas Kiarostami,1,GRIFFIN DUNNE
The Fugitive Kind,Sidney Lumet,1,KEVIN BACON
Godzilla vs. Biollante,Kazuki Omori,1,CARRIE COON
Not a Pretty Picture,Martha Coolidge,1,KARYN KUSAMA
Chilly Scenes of Winter,Joan Micklin Silver,1,KARYN KUSAMA
La vie de bohème,Aki Kaurismäki,1,AZAZEL JACOBS
High Sierra,Raoul Walsh,1,MARK RYLANCE
Marketa Lazarová,František Vláčil,1,BRADY CORBET
Bergman Island,Mia Hansen-Løve,1,BRADY CORBET
Martin Scorsese’s World Cinema Project No. 4,Collector’s Set,1,ZEINABU IRENE DAVIS
Manila in the Claws of Light,Lino Brocka,1,HARRIS DICKINSON
Gummo,Harmony Korine,1,HARRIS DICKINSON
The Long Good Friday,John Mackenzie,1,HARRIS DICKINSON
The Organizer,Mario Monicelli,1,CHIARA MASTROIANNI
The Spy Who Came in from the Cold,Martin Ritt,1,JOHN LITHGOW
Irma Vep,Olivier Assayas,1,JOHN DAVID WASHINGTON AND MALCOLM WASHINGTON
The Underground Railroad,Barry Jenkins,1,JOHN DAVID WASHINGTON AND MALCOLM WASHINGTON
Shallow Grave,Danny Boyle,1,NICHOLAS HOULT
Eclipse Series 5: The First Films of Samuel Fuller,Collector’s Set,1,JULIETTE BINOCHE AND RALPH FIENNES
Eclipse Series 26: Silent Naruse,Collector’s Set,1,JULIETTE BINOCHE AND RALPH FIENNES
Eclipse Series 25: Basil Dearden’s London Underground,Collector’s Set,1,JULIETTE BINOCHE AND RALPH FIENNES
The Furies,Anthony Mann,1,JULIETTE BINOCHE AND RALPH FIENNES
Juliet of the Spirits,Federico Fellini,1,ISABELLE HUPPERT
La cérémonie,Claude Chabrol,1,ISABELLE HUPPERT
Eclipse Series 29: Aki Kaurismäki’s Leningrad Cowboys,Collector’s Set,1,PAYAL KAPADIA
La ronde,Max Ophuls,1,JACQUES AUDIARD
Classe tous risques,Claude Sautet,1,JACQUES AUDIARD
Cameraperson,Kirsten Johnson,1,RAMELL ROSS
Jubal,Delmer Daves,1,RAMELL ROSS
The Incredible Shrinking Man,Jack Arnold,1,JARVIS COCKER
A Raisin in the Sun,Daniel Petrie,1,ANDRÉ HOLLAND
Eclipse Series 38: Masaki Kobayashi Against the System,Collector’s Set,1,JOHNNIE TO
A Story of Floating Weeds / Floating Weeds: Two Films by Yasujiro Ozu,Collector’s Set,1,MARIANNE JEAN-BAPTISTE & MIKE LEIGH
Fail Safe,Sidney Lumet,1,BARRY SONNENFELD
The Thin Blue Line,Errol Morris,1,BARRY SONNENFELD
The Learning Tree,Gordon Parks,1,WINONA RYDER
Holiday,George Cukor,1,DYLAN BAKER
Christ Stopped at Eboli,Francesco Rosi,1,DYLAN BAKER
Ride with the Devil,Ang Lee,1,DYLAN BAKER
Kuroneko,Kaneto Shindo,1,JENNIFER KENT
The Innocent,Louis Garrel,1,JR
Lord of the Flies,Peter Brook,1,ZOË KRAVITZ AND CHANNING TATUM
Certain Women,Kelly Reichardt,1,LILY GLADSTONE & ERICA TREMBLAY
The Adventures of Baron Munchausen,Terry Gilliam,1,LILY GLADSTONE & ERICA TREMBLAY
Closely Watched Trains,Jiří Menzel,1,ARI ASTER
Mr. Klein,Joseph Losey,1,ARI ASTER
La poison,Sacha Guitry,1,ARI ASTER
Three Fantastic Journeys by Karel Zeman,Collector’s Set,1,ARI ASTER
The Royal Tenenbaums,Wes Anderson,1,CAROL KANE
War and Peace,Sergei Bondarchuk,1,MAYA AND ETHAN HAWKE
Charade,Stanley Donen,1,AYO EDEBIRI
Eyimofe (This Is My Desire),Arie Esiri and Chuko Esiri,1,AYO EDEBIRI
Céline and Julie Go Boating,Jacques Rivette,1,MOLLY RINGWALD
Eclipse Series 8: Lubitsch Musicals,Collector’s Set,1,MOLLY RINGWALD
Wooden Crosses,Raymond Bernard,1,CATE BLANCHETT AND TODD FIELD
Letter Never Sent,Mikhail Kalatozov,1,CATE BLANCHETT AND TODD FIELD
A Master Builder,Jonathan Demme,1,CATE BLANCHETT AND TODD FIELD
The American Friend,Wim Wenders,1,MARC MARON
Burroughs: The Movie,Howard Brookner,1,MARC MARON
Shame,Ingmar Bergman,1,MARC MARON
Eclipse Series 11: Larisa Shepitko,Collector’s Set,1,PAUL GIAMATTI
El Sur,Víctor Erice,1,JANE SCHOENBRUN
Peeping Tom,Michael Powell,1,JANE SCHOENBRUN
Autumn Sonata,Ingmar Bergman,1,JANE SCHOENBRUN
Risky Business,Paul Brickman,1,GREG GONZALEZ
The Tales of Hoffmann,Michael Powell and Emeric Pressburger,1,GREG GONZALEZ
Perfect Days,Wim Wenders,1,AGNIESZKA HOLLAND
Anatomy of a Fall,Justine Triet,1,AGNIESZKA HOLLAND
All That Money Can Buy (a.k.a. The Devil and Daniel Webster),William Dieterle,1,WILLIAM FRIEDKIN
Jigoku,Nobuo Nakagawa,1,HIDEO KOJIMA
The Killers,Don Siegel,1,JASON SCHWARTZMAN
Under the Volcano,John Huston,1,JASON SCHWARTZMAN
The Bad Sleep Well,Akira Kurosawa,1,JASON SCHWARTZMAN
The Honeymoon Killers,Leonard Kastle,1,JOHN WATERS
The Big City,Satyajit Ray,1,SARITA CHOUDHURY
Limelight,Charles Chaplin,1,KIM CATTRALL
Tom Jones,Tony Richardson,1,KIM CATTRALL
Cooley High,Michael Schultz,1,​LUIS GUZMÁN
The Ballad of Gregorio Cortez,Robert M. Young,1,​LUIS GUZMÁN
Eclipse Series 21: Oshima’s Outlaw Sixties,Collector’s Set,1,BONG JOON HO
Koyaanisqatsi,Godfrey Reggio,1,BONG JOON HO
La Cage aux Folles,Edouard Molinaro,1,MINNIE DRIVER
Walker,Alex Cox,1,PAUL SCHEER
Hopscotch,Ronald Neame,1,PAUL SCHEER
Bound,Lana Wachowski and Lilly Wachowski,1,GINA GERSHON
Lola Montès,Max Ophuls,1,GINA GERSHON
L’enfance nue,Maurice Pialat,1,ANNIE BAKER AND LUCIAN JOHNSTON
Godland,Hlynur Pálmason,1,ANNIE BAKER AND LUCIAN JOHNSTON
Bowling for Columbine,Michael Moore,1,BILL POPE
The Last Waltz,Martin Scorsese,1,BILL POPE
Monsters and Madmen,Collector’s Set,1,DEVO: GERALD CASALE AND MARK MOTHERSBAUGH
The Celebration,Thomas Vinterberg,1,JEREMY O. HARRIS
Ali: Fear Eats the Soul,Rainer Werner Fassbinder,1,JEREMY O. HARRIS
Blast of Silence,Allen Baron,1,TIM BLAKE NELSON
Inside Llewyn Davis,Joel Coen and Ethan Coen,1,TIM BLAKE NELSON
A Hollis Frampton Odyssey,Hollis Frampton,1,CHERYL DUNYE
Mudbound,Dee Rees,1,CHERYL DUNYE
The BRD Trilogy,Collector’s Set,1,CHERYL DUNYE
Sound of Metal,Darius Marder,1,JOEL KIM BOOSTER
Wild Strawberries,Ingmar Bergman,1,CHELSEA PERETTI
A Story from Chikamatsu,Kenji Mizoguchi,1,MATTEO GARRONE
The Story of the Last Chrysanthemum,Kenji Mizoguchi,1,MATTEO GARRONE
Devi,Satyajit Ray,1,REBECCA MILLER
Memories of Murder,Bong Joon Ho,1,CHARLES MELTON
Boat People,Ann Hui,1,LILA AVILÉS
In the Realm of the Senses,Nagisa Oshima,1,LILA AVILÉS
Leave Her to Heaven,John M. Stahl,1,LINA RODRIGUEZ
Bo Widerberg’s New Swedish Cinema,Collector’s Set,1,LINA RODRIGUEZ
Eight Hours Don’t Make a Day,Rainer Werner Fassbinder,1,LINA RODRIGUEZ
Flowers of Shanghai,Hou Hsiao-hsien,1,LINA RODRIGUEZ
The Makioka Sisters,Kon Ichikawa,1,PARK CHAN-WOOK
Riot in Cell Block 11,Don Siegel,1,PARK CHAN-WOOK
Valley of the Dolls,Mark Robson,1,KERRY CONDON
L’humanité,Bruno Dumont,1,HLYNUR PÁLMASON
Fires on the Plain,Kon Ichikawa,1,ROGER & JAMES DEAKINS
The Burmese Harp,Kon Ichikawa,1,ROGER & JAMES DEAKINS
Pierrot le fou,Jean-Luc Godard,1,ANNA KARINA
Cléo from 5 to 7,Agnès Varda,1,ANNA KARINA
A Woman Is a Woman,Jean-Luc Godard,1,ANNA KARINA
Fishing with John,John Lurie,1,BEN WHEATLEY
Zatoichi: The Blind Swordsman,Collector’s Set,1,BEN WHEATLEY
The Music Room,Satyajit Ray,1,TYLER MITCHELL
The Naked City,Jules Dassin,1,MARY HARRON
Mala Noche,Gus Van Sant,1,MARY HARRON
Cul-de-sac,Roman Polanski,1,AGNÈS B.
Pink Flamingos,John Waters,1,GREGG ARAKI
The Killers,Collector’s Set,1,CARL FRANKLIN
I Wanna Hold Your Hand,Robert Zemeckis,1,YO LA TENGO
The Velvet Underground,Todd Haynes,1,YO LA TENGO
The Girl Can’t Help It,Frank Tashlin,1,YO LA TENGO
Ministry of Fear,Fritz Lang,1,YO LA TENGO
The Flavor of Green Tea over Rice,Yasujiro Ozu,1,CAULEEN SMITH
Symbiopsychotaxiplasm: Two Takes by William Greaves,William Greaves,1,CAULEEN SMITH
Richard III,Laurence Olivier,1,JOHN DARNIELLE
The Ballad of Narayama,Keisuke Kinoshita,1,JOHN DARNIELLE
An Actor’s Revenge,Kon Ichikawa,1,GINA PRINCE-BYTHEWOOD
A Poem Is a Naked Person,Les Blank,1,WILCO
Le deuxième souffle,Jean-Pierre Melville,1,WILCO
Eclipse Series 9: The Delirious Fictions of William Klein,Collector’s Set,1,WILCO
Mona Lisa,Neil Jordan,1,COLIN QUINN
Something Wild,Jack Garfein,1,COLIN QUINN
Smithereens,Susan Seidelman,1,COLIN QUINN
One Night in Miami . . .,Regina King,1,KEMP POWERS
Beauty and the Beast,Jean Cocteau,1,LUCRECIA MARTEL
Ordet,Carl Th. Dreyer,1,CLAIRE DENIS
Day of Wrath,Carl Th. Dreyer,1,CLAIRE DENIS
Gertrud,Carl Th. Dreyer,1,CLAIRE DENIS
The French Lieutenant’s Woman,Karel Reisz,1,RICHARD E. GRANT
Oliver Twist,David Lean,1,GARRETT BRADLEY
Blue Is the Warmest Color,Abdellatif Kechiche,1,GARRETT BRADLEY
Rebel Samurai: Sixties Swordplay Classics,Collector’s Set,1,GARRETT BRADLEY
I vitelloni,Federico Fellini,1,AMY HECKERLING
Lady Snowblood,Toshiya Fujita,1,ALICIA MALONE
Weekend,Jean-Luc Godard,1,ALICIA MALONE
The Uninvited,Lewis Allen,1,JACQUELINE NOVAK AND JOHN EARLY
Tie Me Up! Tie Me Down!,Pedro Almodóvar,1,JACQUELINE NOVAK AND JOHN EARLY
The Importance of Being Earnest,Anthony Asquith,1,JAMES L. BROOKS
Yojimbo,Akira Kurosawa,1,FIVE COMICS
24 Frames,Abbas Kiarostami,1,FIVE COMICS
Missing,Costa-Gavras,1,M.I.A. AND STEPHEN LOVERIDGE
Antonio Gaudí,Hiroshi Teshigahara,1,TIM ROBBINS
Z,Costa-Gavras,1,TIM ROBBINS
Barcelona,Whit Stillman,1,TAVI GEVINSON
Martha Graham: Dance on Film,Nathan Kroll,1,TAVI GEVINSON
Moonrise Kingdom,Wes Anderson,1,TAVI GEVINSON
"Jeanne Dielman, 23, quai du Commerce, 1080 Bruxelles",Chantal Akerman,1,JENNI OLSON
Desert Hearts,Donna Deitch,1,JENNI OLSON
Le plaisir,Max Ophuls,1,ALEXANDER PAYNE
¡Alambrista!,Robert M. Young,1,ALEXANDER PAYNE
The Breaking Point,Michael Curtiz,1,ALEXANDER PAYNE
Speedy,Ted Wilde,1,ALEXANDER PAYNE
The Executioner,Luis García Berlanga,1,ALEXANDER PAYNE
Written on the Wind,Douglas Sirk,1,OWEN KLINE
The Shooting/Ride in the Whirlwind,Collector’s Set,1,OWEN KLINE
Eclipse Series 33: Up All Night with Robert Downey Sr.,Collector’s Set,1,OWEN KLINE
The Golden Age of Television,,1,OWEN KLINE
The Naked Island,Kaneto Shindo,1,EUZHAN PALCY
The Complete Jean Vigo,Collector’s Set,1,MATÍAS PIÑEIRO
Eclipse Series 30: Sabu!,Collector’s Set,1,FLOYD NORMAN
The Thief of Bagdad,"Ludwig Berger, Michael Powell, and Tim Whelan",1,FLOYD NORMAN
Eve’s Bayou,Kasi Lemmons,1,RAVEN JACKSON
The Tree of Life,Terrence Malick,1,BENJAMIN MILLEPIED
F for Fake,Orson Welles,1,RAÚL CASTILLO
Maîtresse,Barbet Schroeder,1,ALAN PALOMO
Modern Times,Charles Chaplin,1,CRISTIAN MUNGIU
El Norte,Gregory Nava,1,SEAN BAKER
The Children Are Watching Us,Vittorio De Sica,1,THE QUAY BROTHERS
White Dog,Samuel Fuller,1,LAURIE ANDERSON
Zazie dans le métro,Louis Malle,1,RICHARD AYOADE
Safety Last!,Fred Newmeyer and Sam Taylor,1,RICHARD AYOADE
Vivre sa vie,Jean-Luc Godard,1,MIKE LEIGH
The Firemen’s Ball,Miloš Forman,1,MIKE LEIGH
Judex,Georges Franju,1,MIKE LEIGH
Kiss Me Deadly,Robert Aldrich,1,LAURA ALBERT & JEFF FEUERZEIG
"Pigs, Pimps & Prostitutes: 3 Films by Shohei Imamura",Collector’s Set,1,LAURA ALBERT & JEFF FEUERZEIG
Insignificance,Nicolas Roeg,1,NICOLAS WINDING REFN
Coup de grâce,Volker Schlöndorff,1,VOLKER SCHLÖNDORFF
Boyhood,Richard Linklater,1,VOLKER SCHLÖNDORFF
Le beau Serge,Claude Chabrol,1,VOLKER SCHLÖNDORFF
The Scarlet Empress,Josef von Sternberg,1,ANDRÉ BONZEL
The Emigrants/The New Land,Collector’s Set,1,JOACHIM TRIER
The Phantom Carriage,Victor Sjöström,1,JOACHIM TRIER
Shoah,Claude Lanzmann,1,IRA SACHS
Simon of the Desert,Luis Buñuel,1,ASIF KAPADIA
Investigation of a Citizen Above Suspicion,Elio Petri,1,ASIF KAPADIA
Three Outlaw Samurai,Hideo Gosha,1,ASIF KAPADIA
Gomorrah,Matteo Garrone,1,ASIF KAPADIA
Minding the Gap,Bing Liu,1,CHARLOTTE WELLS
Trouble in Paradise,Ernst Lubitsch,1,SLAVOJ ŽIŽEK
Murmur of the Heart,Louis Malle,1,SLAVOJ ŽIŽEK
Eclipse Series 32: Pearls of the Czech New Wave,Collector’s Set,1,SLAVOJ ŽIŽEK
Great Expectations,David Lean,1,SLAVOJ ŽIŽEK
Eclipse Series 14: Rossellini’s History Films—Renaissance and Enlightenment,Collector’s Set,1,SLAVOJ ŽIŽEK
"Clean, Shaven",Lodge Kerrigan,1,BERTRAND BONELLO
Dreams,Ingmar Bergman,1,FLYING LOTUS
People on Sunday,Robert Siodmak and Edgar G. Ulmer,1,CHRISTIAN PETZOLD
