Movie Title,Director,Count,Picked By
John Cassavetes: Five Films,John Cassavetes,26,"ALDEN EHRENREICH, BARBIE FERREIRA, BARRY JENKINS, CAROL KANE, CHARLIE DAY, CILLIAN MURPHY, EUZHAN PALCY, GINA PRINCE-BYTHEWOOD, ISABEL SANDOVAL, JACK GARFEIN, JAMES L. BROOKS, JODIE FOSTER, JR, JUDD APATOW, JULIA GARNER, MARIANNE JEAN-BAPTISTE & MIKE LEIGH, MARK DUPLASS, MOLLY RINGWALD, PAULINE CHALAMET, ROBERT DOWNEY SR., RYUSUKE HAMAGUCHI, RZA, STELLAN SKARSGÅRD, THE WOLFPACK, WILL ARNETT, WINONA RYDER"
The Complete Films of Agnès Varda,Agnès Varda,19,"AGNIESZKA HOLLAND, AGNÈS B., ANNIE BAKER AND LUCIAN JOHNSTON, BOWEN YANG, CALLUM TURNER, CHARLIE DAY, CHARLOTTE GAINSBOURG, CHERYL DUNYE, ISABEL SANDOVAL, JERRY SCHATZBERG, JOHN DAVID WASHINGTON AND MALCOLM WASHINGTON, JR, KLEBER MENDONÇA FILHO, MARION COTILLARD, NIA DACOSTA, PAULINE CHALAMET, ROSAMUND PIKE, ROSANNA ARQUETTE, SARA DOSA"
Do the Right Thing,Spike Lee,16,"ARI ASTER, ASIF KAPADIA, CAULEEN SMITH, CHARLIE DAY, DESIREE AKHAVAN, EDWARD BERGER, JEREMY POPE, JULIA GARNER, KEVIN BACON, LAURA DERN, LEE DANIELS, MAURA TIERNEY, QUESTLOVE, SAUL WILLIAMS AND ANISIA UZEYMAN, THE WOLFPACK, TRACY LETTS"
La strada,Federico Fellini,16,"BARBARA SUKOWA, CALLUM TURNER, DAVID CRONENBERG, FREDERICK WISEMAN, JEREMY THOMAS, JERZY SKOLIMOWSKI, JOANNA HOGG, JODIE FOSTER, JOHN SAYLES, NATASHA LYONNE, PAMELA ANDERSON, PETER SARSGAARD, RICHARD E. GRANT, SALLY POTTER, STELLAN SKARSGÅRD, VICKY KRIEPS"
The Complete Jacques Tati,Collector’s Set,16,"BARRY JENKINS, BI GAN, CLAUDE LELOUCH, DAVID BYRNE, FIVE COMICS, FRANCIS FORD COPPOLA, IRA SACHS, JANE SCHOENBRUN, JOHN LITHGOW, KIM CATTRALL, LOUIS GARREL, MICHAEL CERA, PAUL B. PRECIADO, SETH ROGEN & EVAN GOLDBERG, TERRY GILLIAM, WIM WENDERS"
8½,Federico Fellini,15,"AMY HECKERLING, BI GAN, CARL FRANKLIN, JERZY SKOLIMOWSKI, JOANNA HOGG, JOHN WATERS, LEE DANIELS, LESLIE HARRIS, MICHAEL CERA, ROBERT DOWNEY SR., TAVI GEVINSON, TERRY GILLIAM, TUNDE ADEBIMPE, WILLEM DAFOE, WILLIAM FRIEDKIN"
Naked,Mike Leigh,14,"ALESSANDRO BORGHI, FELIX VAN GROENINGEN, AND CHARLOTTE VANDERMEERSCH, ALFONSO CUARÓN AND PAWEŁ PAWLIKOWSKI, ANDREW GARFIELD, BARBARA SUKOWA, CALLUM TURNER, CARRIE COON, COLIN QUINN, HLYNUR PÁLMASON, LAV DIAZ, M.I.A. AND STEPHEN LOVERIDGE, NATASHA LYONNE, SEAN BAKER, STELLAN SKARSGÅRD, YORGOS LANTHIMOS & ARIANE LABED"
All That Jazz,Bob Fosse,14,"AMELIA DIMOLDENBERG, ANNA KENDRICK, BENJAMIN MILLEPIED, CHRIS EIGEMAN, DANNY BOYLE, IRA SACHS, JEREMY O. HARRIS, JOACHIM TRIER, JOANNA HOGG, LEE UNKRICH, MARGARET QUALLEY, NATASHA LYONNE, PATRICK BRICE, VOLKER SCHLÖNDORFF"
Wanda,Barbara Loden,14,"ARI ASTER, CARRIE COON, CHRISTIAN PETZOLD, ISABELLE HUPPERT, JEAN-PIERRE AND LUC DARDENNE, JULIA GARNER, KIM CATTRALL, LENA DUNHAM, LINA RODRIGUEZ, PAMELA ANDERSON, PAULINE CHALAMET, PETER SARSGAARD, ROSANNA ARQUETTE, WIM WENDERS"
Essential Fellini,Federico Fellini,13,"BILL HADER, CATE BLANCHETT AND TODD FIELD, DEVO: GERALD CASALE AND MARK MOTHERSBAUGH, JACQUES AUDIARD, JODIE FOSTER, JULIETTE BINOCHE AND RALPH FIENNES, KEN BURNS, LAURA DERN, LAV DIAZ, LEE DANIELS, MICHELLE ZAUNER, MOLLY RINGWALD, REGINALD HUDLIN"
Dekalog,Krzysztof Kieślowski,12,"AMIR NADERI, BARRY JENKINS, BILL AND TURNER ROSS, BRADY CORBET, CRISTIAN MUNGIU, JEAN-PIERRE AND LUC DARDENNE, JOHN DAVID WASHINGTON AND MALCOLM WASHINGTON, JOHNNIE TO, MARK DUPLASS, PATTON OSWALT, REBECCA MILLER, WILL ARNETT"
The Red Shoes,Michael Powell and Emeric Pressburger,12,"ANDREW GARFIELD, BETSEY JOHNSON, ELLE FANNING, FLORENCE WELCH, GUILLERMO DEL TORO, HARI NEF, JASON SCHWARTZMAN, JOANNA HOGG, LUCRECIA MARTEL, NATHALIE EMMANUEL, RODARTE, ROSANNA ARQUETTE"
Being There,Hal Ashby,11,"AUBREY PLAZA AND JEFF BAENA, CHARLIE DAY, GINTS ZILBALODIS, JASON BATEMAN, KYLE MACLACHLAN, MARC MARON, MICHAEL SHANNON, NATHAN LANE, NICHOLAS HOULT, TED DANSON & MARY STEENBURGEN, WILCO"
Bicycle Thieves,Vittorio De Sica,11,"CRISTIAN MUNGIU, FREDERICK WISEMAN, HARRIS SAVIDES, JAFAR PANAHI, JAMES ACHESON, JOEL EDGERTON, JOSH AND BENNY SAFDIE, LEE UNKRICH, MIKE LEIGH, ROSINE MBAKAM, RUBEN ÖSTLUND"
Yi Yi,Edward Yang,11,"ALDEN EHRENREICH, ASIF KAPADIA, BILL HADER, HARRIS DICKINSON, HARRIS SAVIDES, JEREMY O. HARRIS, JIA ZHANGKE, KAHLIL JOSEPH, LILA AVILÉS, PAUL DANO, SEAN BAKER"
The Night of the Hunter,Charles Laughton,10,"AGNÈS B., CHARLOTTE GAINSBOURG, CHIARA MASTROIANNI, HARRIS SAVIDES, JUDE LAW, KERRY CONDON, LAURA DERN, MICHAEL K. WILLIAMS, NATHAN LANE, TODD HAYNES"
La Jetée/Sans Soleil,Chris Marker,10,"CAULEEN SMITH, DIEGO LUNA, JOACHIM TRIER, NICHOLAS BRITELL, PAUL B. PRECIADO, PAYAL KAPADIA, RAMELL ROSS, SARA DOSA, THE WOLFPACK, TIM ROBBINS"
Melvin Van Peebles: Essential Films,Melvin Van Peebles,10,"ANDRÉ HOLLAND, CHARLES BURNETT, ELEGANCE BRATTON, ELVIS MITCHELL, GARRETT BRADLEY, JEREMY O. HARRIS, REGINALD HUDLIN, RZA, TRACE LYSETTE, VINCE STAPLES"
Punch-Drunk Love,Paul Thomas Anderson,10,"AIMEE LOU WOOD, BEN SINCLAIR, CHARLIE DAY, GINTS ZILBALODIS, LEE UNKRICH, MARGARET QUALLEY, MARK BRIDGES, RACHEL SENNOTT, TYLER MITCHELL, ​LUIS GUZMÁN"
Seven Samurai,Akira Kurosawa,10,"BEN WHEATLEY, DENIS VILLENEUVE, JUNE SQUIBB, KEN BURNS, KEVIN BACON, LUCRECIA MARTEL, PETER WOLF, RYAN COOGLER, STELLAN SKARSGÅRD, ZOË KRAVITZ AND CHANNING TATUM"
On the Waterfront,Elia Kazan,10,"BENJAMIN MILLEPIED, CATHERINE BREILLAT, JERRY SCHATZBERG, LAURA ALBERT & JEFF FEUERZEIG, LUCY LIU, NICOLAS WINDING REFN, PHIL ROSENTHAL, RON SHELTON, RZA, ​LUIS GUZMÁN"
Barry Lyndon,Stanley Kubrick,10,"BILL HADER, CHARLIE DAY, HLYNUR PÁLMASON, JASON BATEMAN, KLEBER MENDONÇA FILHO, MARCO BELLOCCHIO, MARK BRIDGES, NEAL BRENNAN, NIA DACOSTA, RONAN FARROW"
Shampoo,Hal Ashby,10,"CAROL KANE, FIVE COMICS, JAMES L. BROOKS, JASON BATEMAN, JULIA GARNER, MAURA TIERNEY, NEAL BRENNAN, RODARTE, ROSANNA ARQUETTE, SETH ROGEN & EVAN GOLDBERG"
Ingmar Bergman’s Cinema,Ingmar Bergman,10,"ANNA KENDRICK, ATOM EGOYAN, CATE BLANCHETT AND TODD FIELD, CATHERINE BREILLAT, CHARLES BURNETT, DAVID CRONENBERG, LAV DIAZ, NURI BILGE CEYLAN, PAMELA ANDERSON, TERRY GILLIAM"
To Sleep with Anger,Charles Burnett,10,"ANDRÉ HOLLAND, AYO EDEBIRI, CARL FRANKLIN, CAULEEN SMITH, DEREK CIANFRANCE, ELVIS MITCHELL, FRANKLIN LEONARD, MARIANNE JEAN-BAPTISTE & MIKE LEIGH, RAMELL ROSS, TOM ROTHMAN"
Pasolini 101,Collector’s Set,10,"ATOM EGOYAN, BERTRAND BONELLO, BRADY CORBET, DEREK CIANFRANCE, JASON SCHWARTZMAN, JULIETTE BINOCHE AND RALPH FIENNES, MATT DILLON, PABLO LARRAÍN, PAUL B. PRECIADO, ROBERT EGGERS"
Black Orpheus,Marcel Camus,10,"BONG JOON HO, CATHERINE BREILLAT, ETHAN HAWKE AND JONATHAN MARC SHERMAN, EUZHAN PALCY, GINA PRINCE-BYTHEWOOD, JOHN DAVID WASHINGTON AND MALCOLM WASHINGTON, QUESTLOVE, REGINALD HUDLIN, WYCLEF JEAN, ZEINABU IRENE DAVIS"
Down by Law,Jim Jarmusch,10,"FREDERICK WISEMAN, JAMES ACHESON, JULIETTE BINOCHE AND RALPH FIENNES, LILY GLADSTONE & ERICA TREMBLAY, MICHAEL SHANNON, MINNIE DRIVER, RZA, TOM ROTHMAN, WIM WENDERS, WINONA RYDER"
Mirror,Andrei Tarkovsky,10,"HLYNUR PÁLMASON, JACQUES AUDIARD, JOHN DAVID WASHINGTON AND MALCOLM WASHINGTON, JULIETTE BINOCHE AND RALPH FIENNES, KATYA ZAMOLODCHIKOVA, RAMELL ROSS, RENATE REINSVE, ROGER & JAMES DEAKINS, SAUL WILLIAMS AND ANISIA UZEYMAN, WILLEM DAFOE"
Tokyo Story,Yasujiro Ozu,10,"AMY HECKERLING, BONG JOON HO, CARL FRANKLIN, CHARLIE DAY, DAN LEVY, JENNIFER KENT, SARITA CHOUDHURY, THE WOLFPACK, TIM BLAKE NELSON, YO LA TENGO"
Klute,Alan J. Pakula,9,"ANNA KENDRICK, BRIT MARLING AND ZAL BATMANGLIJ, JASON BATEMAN, PAUL SCHEER, RONAN FARROW, ROSANNA ARQUETTE, STEVE COOGAN, SUSANNA HOFFS, TED DANSON & MARY STEENBURGEN"
Love & Basketball,Gina Prince-Bythewood,9,"DAN LEVY, GARRETT BRADLEY, GINA PRINCE-BYTHEWOOD, LENA DUNHAM, NATHALIE EMMANUEL, NIA DACOSTA, RIAN JOHNSON, RYAN COOGLER, TYLER MITCHELL"
Paris Is Burning,Jennie Livingston,9,"ANOHNI, ELEGANCE BRATTON, JEREMY POPE, JUNE SQUIBB, NATHALIE EMMANUEL, NEAL BRENNAN, PAYAL KAPADIA, TRACE LYSETTE, ZOË KRAVITZ AND CHANNING TATUM"
In the Mood for Love,Wong Kar Wai,9,"ASIF KAPADIA, DIANE KRUGER, GINA PRINCE-BYTHEWOOD, JOEL KIM BOOSTER, JUDD APATOW, LUCY LIU, NICHOLAS HOULT, RODARTE, SAUL WILLIAMS AND ANISIA UZEYMAN"
Six Moral Tales,Eric Rohmer,9,"CARRIE COON, CHRISTIAN PETZOLD, JOACHIM TRIER, MARY BRONSTEIN, MATÍAS PIÑEIRO, NATASHA LYONNE, NURI BILGE CEYLAN, PAULINE CHALAMET, SEAN BAKER"
City Lights,Charles Chaplin,9,"AMY HECKERLING, AUBREY PLAZA AND JEFF BAENA, CAROL KANE, JIA ZHANGKE, KOJI YAKUSHO, NATASHA LYONNE, RICHARD E. GRANT, SLAVOJ ŽIŽEK, STELLAN SKARSGÅRD"
Repo Man,Alex Cox,9,"BONG JOON HO, DANIELS, JOHN DWYER, JOSH BROLIN, LAURA ALBERT & JEFF FEUERZEIG, NICK LOWE, NICOLAS WINDING REFN, SEAN BAKER, THE WOLFPACK"
Blue Velvet,David Lynch,9,"AMY IRVING, BETSEY JOHNSON, JARVIS COCKER, KYLE MACLACHLAN, NORMAN REEDUS, PAMELA ANDERSON, PAUL GIAMATTI, SIMON PEGG, VICKY KRIEPS"
Sweet Smell of Success,Alexander Mackendrick,9,"ANTON CORBIJN, BEN WHEATLEY, DEVO: GERALD CASALE AND MARK MOTHERSBAUGH, JAMIE LEE CURTIS, JENNI OLSON, NATASHA LYONNE, NATHAN LANE, SLAVOJ ŽIŽEK, TIM ROBBINS"
Pickpocket,Robert Bresson,9,"ALAIN GUIRAUDIE, JIA ZHANGKE, MARCO BELLOCCHIO, NATASHA LYONNE, OWEN KLINE, RENATE REINSVE, WILLEM DAFOE, WILLIAM FRIEDKIN, YORGOS LANTHIMOS & ARIANE LABED"
3 Films by Roberto Rossellini Starring Ingrid Bergman,Collector’s Set,9,"CHARLOTTE RAMPLING AND ANDREW HAIGH, CHRISTIAN PETZOLD, EDWARD BERGER, ISABELLE HUPPERT, JEAN-PIERRE AND LUC DARDENNE, LOUIS GARREL, MATÍAS PIÑEIRO, NATASHA LYONNE, WILLEM DAFOE"
Y tu mamá también,Alfonso Cuarón,9,"ALESSANDRO BORGHI, FELIX VAN GROENINGEN, AND CHARLOTTE VANDERMEERSCH, DIEGO LUNA, GAEL GARCIA BERNAL, GINTS ZILBALODIS, JULIO TORRES, PABLO LARRAÍN, PATRICK BRICE, SARA DOSA, SLAVOJ ŽIŽEK"
Loves of a Blonde,Miloš Forman,9,"BILL HADER, JERZY SKOLIMOWSKI, KARINA LONGWORTH, LEE UNKRICH, LOUIS GARREL, MARIANNE JEAN-BAPTISTE & MIKE LEIGH, PAYAL KAPADIA, REBECCA MILLER, ROSAMUND PIKE"
3 Women,Robert Altman,8,"ALEXANDER PAYNE, AUBREY PLAZA AND JEFF BAENA, BARBARA SUKOWA, CHARLES MELTON, JACQUELINE NOVAK AND JOHN EARLY, LAURA DERN, MAYA AND ETHAN HAWKE, TYLER MITCHELL"
Amores perros,Alejandro G. Iñárritu,8,"GAEL GARCIA BERNAL, JASON BATEMAN, JR, JULIETTE BINOCHE AND RALPH FIENNES, JULIO TORRES, MANUEL GARCIA-RULFO, RAVEN JACKSON, RODRIGO PRIETO"
Three Colors,Krzysztof Kieślowski,8,"BARRY JENKINS, DENIS VILLENEUVE, DIEGO LUNA, HARRIS SAVIDES, JASON BATEMAN, JOHNNIE TO, LEE UNKRICH, PABLO LARRAÍN"
Three Films by Luis Buñuel,Luis Buñuel,8,"AMIR NADERI, BEN GIBBARDS, GAEL GARCIA BERNAL, JEREMY THOMAS, JOEL POTRYKUS, KARYN KUSAMA, RUBEN ÖSTLUND, YORGOS LANTHIMOS"
The Leopard,Luchino Visconti,8,"BARBARA SUKOWA, BRADY CORBET, CALLUM TURNER, JAMES ACHESON, JEREMY THOMAS, LAV DIAZ, MARK BRIDGES, WILLEM DAFOE"
The 400 Blows,François Truffaut,8,"ANDRÉ BONZEL, CHARLIE DAY, CHELSEA PERETTI, DIEGO LUNA, ETHAN HAWKE AND JONATHAN MARC SHERMAN, EUZHAN PALCY, GUILLERMO DEL TORO, WIM WENDERS"
My Own Private Idaho,Gus Van Sant,8,"BARBIE FERREIRA, CAROL KANE, LAURA ALBERT & JEFF FEUERZEIG, NORMAN REEDUS, PAUL DANO, RAÚL CASTILLO, TODD HAYNES, UDO KIER"
His Girl Friday,Howard Hawks,8,"ALDEN EHRENREICH, ALICIA MALONE, CLAIRE DENIS, HANS ZIMMER, JOHN SAYLES, KEVIN SMITH, RON SHELTON, STEVE COOGAN"
House,Nobuhiko Obayashi,8,"ANDRÉ BONZEL, BILL HADER, BILL POPE, ETHAN HAWKE AND JONATHAN MARC SHERMAN, HANS ZIMMER, JOACHIM TRIER, JULIO TORRES, MAURA TIERNEY"
Jules and Jim,François Truffaut,8,"BARRY LEVINSON, KEVIN BACON, KIM CATTRALL, LOUIS GARREL, MIKE LEIGH, RICHARD E. GRANT, SARA DOSA, THEODORE WITCHER"
"Salò, or The 120 Days of Sodom",Pier Paolo Pasolini,8,"ALEXANDER PAYNE, ASIF KAPADIA, BILL HADER, BRADY CORBET, GASPAR NOÉ, JARVIS COCKER, JEREMY O. HARRIS, PAUL B. PRECIADO"
Ratcatcher,Lynne Ramsay,8,"ADRIAN UTLEY, BARRY JENKINS, CHARLOTTE RAMPLING AND ANDREW HAIGH, DESIREE AKHAVAN, ELEGANCE BRATTON, GINA PRINCE-BYTHEWOOD, HLYNUR PÁLMASON, RAVEN JACKSON"
Defending Your Life,Albert Brooks,7,"ANDREW STANTON, BILLY CRUDUP, CLAIRE DANES, JUDD APATOW, LAURA DERN, LENA DUNHAM, SETH ROGEN & EVAN GOLDBERG"
Malcolm X,Spike Lee,7,"BEN AFFLECK, DANIELS, FLOYD NORMAN, JANE SCHOENBRUN, JOHN DAVID WASHINGTON AND MALCOLM WASHINGTON, NICHOLAS BRITELL, RYAN COOGLER"
Videodrome,David Cronenberg,7,"BARBIE FERREIRA, CHRIS EIGEMAN, NORMAN REEDUS, RODARTE, SAUL WILLIAMS AND ANISIA UZEYMAN, THE WOLFPACK, VINCE STAPLES"
WALL·E,Andrew Stanton,7,"ALAIN GUIRAUDIE, CHARLES MELTON, JAMIE LEE CURTIS, JR, JULIO TORRES, MICHAEL CERA, VINCE STAPLES"
The Age of Innocence,Martin Scorsese,7,"BERTRAND BONELLO, GUILLERMO DEL TORO, ISABEL SANDOVAL, JEAN-PIERRE AND LUC DARDENNE, JOANNA HOGG, JUDD APATOW, JUNE SQUIBB"
"Godzilla: The Showa-Era Films, 1954–1975",Collector’s Set,7,"BOWEN YANG, DANIELS, GINA GERSHON, JOEL KIM BOOSTER, JUNE SQUIBB, PARK CHAN-WOOK, TUNDE ADEBIMPE"
Roma,Alfonso Cuarón,7,"BILL HADER, GUILLERMO DEL TORO, JIA ZHANGKE, JOHNNIE TO, JR, KYLE MACLACHLAN, LUCY LIU"
Bruce Lee: His Greatest Hits,Collector’s Set,7,"JOHN DARNIELLE, LUCY LIU, NICHOLAS HOULT, RAMELL ROSS, REGINALD HUDLIN, RZA, ZEINABU IRENE DAVIS"
The Battle of Algiers,Gillo Pontecorvo,7,"ELEGANCE BRATTON, GARRETT BRADLEY, HANS ZIMMER, KATHRYN BIGELOW, PHILIP KAUFMAN, THE WOLFPACK, ZEINABU IRENE DAVIS"
Moonstruck,Norman Jewison,7,"AIMEE LOU WOOD, BETSEY JOHNSON, DAN LEVY, GARRETT BRADLEY, JASON BATEMAN, TRACE LYSETTE, ZOË KRAVITZ AND CHANNING TATUM"
Mikey and Nicky,Elaine May,7,"CHARLES MELTON, CHELSEA PERETTI, JOSH BROLIN, NATHAN LANE, PAUL SCHEER, RZA, YORGOS LANTHIMOS"
The Princess Bride,Rob Reiner,7,"BEN SINCLAIR, BENNY SAFDIE, CAROL KANE, CAULEEN SMITH, ELLE FANNING, JAMIE LEE CURTIS, JULIA GARNER"
La notte,Michelangelo Antonioni,7,"AGNIESZKA HOLLAND, CHARLI XCX, GRIFFIN DUNNE, JIA ZHANGKE, JUSTINE TRIET, PARK CHAN-WOOK, WALTER SALLES"
Fat Girl,Catherine Breillat,7,"ATOM EGOYAN, BARRY JENKINS, JACQUELINE NOVAK AND JOHN EARLY, LUCA GUADAGNINO, PAULINE CHALAMET, RAVEN JACKSON, RUBEN ÖSTLUND"
Hedwig and the Angry Inch,John Cameron Mitchell,7,"ALICIA SILVERSTONE, BEN WHISHAW, JOEL KIM BOOSTER, MARION COTILLARD, MAURA TIERNEY, RICKIE LEE JONES, SETH ROGEN & EVAN GOLDBERG"
Kes,Ken Loach,7,"ANDREW GARFIELD, ASIF KAPADIA, KERRY CONDON, M.I.A. AND STEPHEN LOVERIDGE, MARIANNE JEAN-BAPTISTE & MIKE LEIGH, NICK OFFERMAN, SEAN BAKER"
12 Angry Men,Sidney Lumet,7,"AMELIA DIMOLDENBERG, BILLY CRUDUP, KEMP POWERS, NICHOLAS HOULT, STEVE COOGAN, YORGOS LANTHIMOS & ARIANE LABED, ​LUIS GUZMÁN"
Close-up,Abbas Kiarostami,7,"BEN SINCLAIR, BERTRAND BONELLO, BILL AND TURNER ROSS, JAY DUPLASS, MICHAEL CERA, ROSINE MBAKAM, THE WOLFPACK"
Tootsie,Sydney Pollack,7,"CATE BLANCHETT AND TODD FIELD, ETHAN HAWKE AND JONATHAN MARC SHERMAN, FRANKLIN LEONARD, JUDD APATOW, KATYA ZAMOLODCHIKOVA, MICHAEL CERA, PAUL W. DOWNS"
All About Eve,Joseph L. Mankiewicz,7,"ALICIA SILVERSTONE, BOWEN YANG, CAROL KANE, JULIA GARNER, MARGARET QUALLEY, MINNIE DRIVER, TODD HAYNES"
Brazil,Terry Gilliam,7,"ANDREW GARFIELD, ANDREW STANTON, ANDRÉ BONZEL, FLYING LOTUS, GINA GERSHON, JANELLE MONÁE, RONAN FARROW"
Eraserhead,David Lynch,7,"ALICIA MALONE, CATHERINE BREILLAT, DAVID CRONENBERG, ETHEL CAIN, JANE SCHOENBRUN, JANELLE MONÁE, THE WOLFPACK"
Grey Gardens,"David Maysles, Albert Maysles, Ellen Hovde, and Muffie Meyer",7,"BEN WHEATLEY, CHELSEA PERETTI, ETHEL CAIN, HARI NEF, JOHN DWYER, JULIA FOX, SETH MEYERS"
The Wages of Fear,Henri-Georges Clouzot,7,"ARI ASTER, BONG JOON HO, DENIS VILLENEUVE, JOEL EDGERTON, JUDE LAW, MATT DILLON, PHILIP KAUFMAN"
L’avventura,Michelangelo Antonioni,7,"ALEXANDER PAYNE, BENJAMIN MILLEPIED, GUY MADDIN, HARRIS SAVIDES, JACQUES AUDIARD, JOSEPH KOSINSKI, ROGER & JAMES DEAKINS"
Fish Tank,Andrea Arnold,7,"AMELIA DIMOLDENBERG, DANNY BOYLE, DIANE KRUGER, GINA PRINCE-BYTHEWOOD, KERRY CONDON, MAURA DELPERO, SALLY POTTER"
Night of the Living Dead,George A. Romero,7,"FIVE COMICS, JACQUELINE NOVAK AND JOHN EARLY, JANELLE MONÁE, JOHN DWYER, MATTHEW MODINE, RAÚL CASTILLO, SIMON PEGG"
Devil in a Blue Dress,Carl Franklin,7,"CATE BLANCHETT AND TODD FIELD, FRANKLIN LEONARD, GINA PRINCE-BYTHEWOOD, JEREMY POPE, NATASHA LYONNE, RICKIE LEE JONES, RYAN COOGLER"
Trilogy of Life,Pier Paolo Pasolini,7,"ALEC BALDWIN, CHARLOTTE RAMPLING AND ANDREW HAIGH, LAURIE ANDERSON, NATASHA LYONNE, PAYAL KAPADIA, SARITA CHOUDHURY, SAUL WILLIAMS AND ANISIA UZEYMAN"
Sunday Bloody Sunday,John Schlesinger,7,"CHARLOTTE RAMPLING AND ANDREW HAIGH, FIVE COMICS, LAURIE ANDERSON, MARK BRIDGES, NATASHA LYONNE, TODD HAYNES, WILLIAM FRIEDKIN"
McCabe & Mrs. Miller,Robert Altman,6,"BETSEY JOHNSON, GRIFFIN DUNNE, KERRY CONDON, LAURA DERN, MARC MARON, VIGGO MORTENSEN"
Fanny and Alexander,Ingmar Bergman,6,"EDWARD BERGER, KIM CATTRALL, LAURA DERN, PHILIP KAUFMAN, RONAN FARROW, RUBEN ÖSTLUND"
America Lost and Found: The BBS Story,Collector’s Set,6,"AUBREY PLAZA AND JEFF BAENA, EDGAR WRIGHT, LAURA DERN, MICHAEL SHANNON, ROBERT DOWNEY SR., WILCO"
Berlin Alexanderplatz,Rainer Werner Fassbinder,6,"BARBARA SUKOWA, ETHAN HAWKE AND JONATHAN MARC SHERMAN, JODIE FOSTER, MIKE LEIGH, PABLO LARRAÍN, TRACY LETTS"
Stranger Than Paradise,Jim Jarmusch,6,"ANDRÉ BONZEL, GREGG ARAKI, NURI BILGE CEYLAN, SLAVOJ ŽIŽEK, WALTER SALLES, WILL ARNETT"
My Darling Clementine,John Ford,6,"ARI ASTER, BILL HADER, BILLY CRUDUP, MARC MARON, RYUSUKE HAMAGUCHI, TED DANSON & MARY STEENBURGEN"
A Man Escaped,Robert Bresson,6,"BILL HADER, CATE BLANCHETT AND TODD FIELD, DAVID REMNICK, GARRETT BRADLEY, JENNIFER KENT, JOSH AND BENNY SAFDIE"
Women on the Verge of a Nervous Breakdown,Pedro Almodóvar,6,"HARI NEF, PAUL B. PRECIADO, RACHEL SENNOTT, RODRIGO PRIETO, ST. VINCENT, TRACE LYSETTE"
To Die For,Gus Van Sant,6,"CHERYL DUNYE, ELLE FANNING, HARRIS DICKINSON, MARGARET QUALLEY, RACHEL SENNOTT, ST. VINCENT"
Picnic at Hanging Rock,Peter Weir,6,"BONG JOON HO, ETHEL CAIN, FLORENCE WELCH, JACQUELINE NOVAK AND JOHN EARLY, MAYA AND ETHAN HAWKE, SLAVOJ ŽIŽEK"
Notorious,Alfred Hitchcock,6,"GUILLERMO DEL TORO, JACQUES AUDIARD, KATHRYN BIGELOW, RONAN FARROW, THEODORE WITCHER, TYLER MITCHELL"
Come and See,Elem Klimov,6,"CALLUM TURNER, GRIFFIN DUNNE, JERZY SKOLIMOWSKI, NIA DACOSTA, ROGER & JAMES DEAKINS, SALLY POTTER"
Husbands,John Cassavetes,6,"BARBARA SUKOWA, BENNY SAFDIE, DICK CAVETT, ELVIS MITCHELL, JAY DUPLASS, MAYA AND ETHAN HAWKE"
Le samouraï,Jean-Pierre Melville,6,"CHARLES MELTON, JOSEPH KOSINSKI, LAV DIAZ, PATTON OSWALT, RAÚL CASTILLO, YORGOS LANTHIMOS & ARIANE LABED"
The Color of Pomegranates,Sergei Parajanov,6,"CAULEEN SMITH, DAVID BYRNE, KAHLIL JOSEPH, NORMAN REEDUS, REBECCA MILLER, ROBERT EGGERS"
Mulholland Dr.,David Lynch,6,"ALAIN GUIRAUDIE, BILLY CRUDUP, JENNIFER KENT, MATTEO GARRONE, RENATE REINSVE, ROSE BYRNE"
"Paris, Texas",Wim Wenders,6,"BOWEN YANG, CARRIE COON, ETHAN HAWKE AND JONATHAN MARC SHERMAN, KOJI YAKUSHO, PATRICK BRICE, ROSE BYRNE"
Memories of Underdevelopment,Tomás Gutiérrez Alea,6,"DANNY BOYLE, GAEL GARCIA BERNAL, JENNI OLSON, MATT DILLON, WAGNER MOURA, WALTER SALLES"
Traffic,Steven Soderbergh,6,"BEN AFFLECK, CHRISTIAN PETZOLD, JOSH BROLIN, PAUL W. DOWNS, RAÚL CASTILLO, THE WOLFPACK"
Sid & Nancy,Alex Cox,6,"ALAN PALOMO, ELEGANCE BRATTON, HANS ZIMMER, JOSH BROLIN, MARY HARRON, ROGER & JAMES DEAKINS"
No Country for Old Men,Joel Coen and Ethan Coen,6,"ARI ASTER, BILLY CRUDUP, JAY DUPLASS, JOSH BROLIN, KARYN KUSAMA, NICHOLAS HOULT"
The Before Trilogy,Richard Linklater,6,"AIMEE LOU WOOD, ALDEN EHRENREICH, DANIELS, ETHAN HAWKE AND JONATHAN MARC SHERMAN, MARK DUPLASS, ROB DELANEY"
La piscine,Jacques Deray,6,"CHARLES MELTON, CILLIAN MURPHY, KRISTIN SCOTT THOMAS, PAMELA ANDERSON, SUSANNA HOFFS, VICKY KRIEPS"
Raging Bull,Martin Scorsese,6,"JAMIE LEE CURTIS, JOHNNIE TO, NATASHA LYONNE, RODRIGO PRIETO, ROGER CORMAN, WALTER SALLES"
David Lean Directs Noël Coward,David Lean,6,"CHARLOTTE WELLS, DICK CAVETT, FRANCIS FORD COPPOLA, HANS ZIMMER, JACK GARFEIN, MATTHEW BRODERICK"
The Cameraman,Edward Sedgwick,6,"BILL AND TURNER ROSS, CHERYL DUNYE, MATTEO GARRONE, MATTHEW BRODERICK, SETH ROGEN & EVAN GOLDBERG, WIM WENDERS"
Ace in the Hole,Billy Wilder,6,"ALEXANDER PAYNE, AMY HECKERLING, ARI ASTER, ETHAN HAWKE AND JONATHAN MARC SHERMAN, MARC MARON, VOLKER SCHLÖNDORFF"
True Stories,David Byrne,6,"ALAN PALOMO, DAVID BYRNE, FIVE COMICS, JOHN DWYER, PETER SARSGAARD, TUNDE ADEBIMPE"
Blood Simple,Joel Coen,6,"BARRY JENKINS, BARRY SONNENFELD, BRIT MARLING AND ZAL BATMANGLIJ, CRISTIAN MUNGIU, DANNY BOYLE, JOSH AND BENNY SAFDIE"
Naked Lunch,David Cronenberg,6,"AMY HECKERLING, FLYING LOTUS, JOHN DWYER, LUCRECIA MARTEL, NATASHA LYONNE, SETH ROGEN & EVAN GOLDBERG"
Late Spring,Yasujiro Ozu,6,"CARL FRANKLIN, HIDEO KOJIMA, MIKE LEIGH, RYAN COOGLER, RYUSUKE HAMAGUCHI, THEODORE WITCHER"
The Rules of the Game,Jean Renoir,6,"AMY IRVING, BEN AFFLECK, JEREMY THOMAS, LESLIE HARRIS, THE WOLFPACK, THEODORE WITCHER"
Amarcord,Federico Fellini,6,"BILL HADER, DIEGO LUNA, LOUIS GARREL, LUCRECIA MARTEL, PHILIP KAUFMAN, ROGER CORMAN"
Safe,Todd Haynes,6,"AUBREY PLAZA AND JEFF BAENA, BARBIE FERREIRA, CHARLES MELTON, DESIREE AKHAVAN, GASPAR NOÉ, PETER SARSGAARD"
Ikiru,Akira Kurosawa,6,"ALICIA MALONE, BILL HADER, FIVE COMICS, KOJI YAKUSHO, MARK RYLANCE, VICKY KRIEPS"
After Life,Hirokazu Kore-eda,6,"BRIT MARLING AND ZAL BATMANGLIJ, CHARLES MELTON, LILY GLADSTONE & ERICA TREMBLAY, MARK RYLANCE, RODRIGO PRIETO, WINONA RYDER"
The Blob,Irvin S. Yeaworth Jr.,6,"CHELSEA PERETTI, ERIC BANA, JANELLE MONÁE, JOHN WATERS, KEVIN BACON, RICKIE LEE JONES"
Sullivan’s Travels,Preston Sturges,6,"ETHAN HAWKE AND JONATHAN MARC SHERMAN, JAMES L. BROOKS, JOHN LITHGOW, KEVIN BACON, KIM CATTRALL, PHIL ROSENTHAL"
Stagecoach,John Ford,6,"BILL POPE, DICK CAVETT, PARK CHAN-WOOK, PHIL ROSENTHAL, THE WOLFPACK, VIGGO MORTENSEN"
A Brighter Summer Day,Edward Yang,6,"AMIR NADERI, BARRY JENKINS, KLEBER MENDONÇA FILHO, MICHELLE ZAUNER, PAUL DANO, TYLER MITCHELL"
The Essential Jacques Demy,Collector’s Set,6,"BARRY JENKINS, ETHAN HAWKE AND JONATHAN MARC SHERMAN, JOACHIM TRIER, JOHN DAVID WASHINGTON AND MALCOLM WASHINGTON, PAUL DANO, RYUSUKE HAMAGUCHI"
The Piano Teacher,Michael Haneke,6,"DAN LEVY, MAURA DELPERO, MIKEY MADISON, RAVEN JACKSON, RENATE REINSVE, WILLEM DAFOE"
Local Hero,Bill Forsyth,6,"ANDREW STANTON, CAROL KANE, DYLAN BAKER, JASON SCHWARTZMAN, JUDE LAW, LILY GLADSTONE & ERICA TREMBLAY"
The Koker Trilogy,Abbas Kiarostami,6,"ARI ASTER, JULIO TORRES, MAURA DELPERO, NURI BILGE CEYLAN, PAMELA ANDERSON, ZOË KRAVITZ AND CHANNING TATUM"
High and Low,Akira Kurosawa,6,"AYO EDEBIRI, GARRETT BRADLEY, GINTS ZILBALODIS, HIDEO KOJIMA, JOACHIM TRIER, MATTHEW MODINE"
Claudine,John Berry,6,"ANDRÉ HOLLAND, COLIN QUINN, GINA PRINCE-BYTHEWOOD, LEE DANIELS, MARIANNE JEAN-BAPTISTE & MIKE LEIGH, TYLER MITCHELL"
Female Trouble,John Waters,6,"JACQUELINE NOVAK AND JOHN EARLY, LEE DANIELS, MARC MARON, PATTON OSWALT, ST. VINCENT, VICKY KRIEPS"
Midnight Cowboy,John Schlesinger,6,"ALDEN EHRENREICH, ANTON CORBIJN, BEN SINCLAIR, MATTHEW MODINE, SUSANNA HOFFS, ZOË KRAVITZ AND CHANNING TATUM"
Love Streams,John Cassavetes,6,"DESIREE AKHAVAN, EUZHAN PALCY, LUCRECIA MARTEL, MOLLY RINGWALD, RUBEN ÖSTLUND, SUSANNA HOFFS"
Crumb,Terry Zwigoff,6,"BEN WHEATLEY, CHELSEA PERETTI, FIVE COMICS, GUILLERMO DEL TORO, OWEN KLINE, PHILIP KAUFMAN"
Seconds,John Frankenheimer,6,"BEN WHEATLEY, GASPAR NOÉ, LEE UNKRICH, MICHAEL SHANNON, PAUL GIAMATTI, SUSANNA HOFFS"
The Philadelphia Story,George Cukor,5,"DICK CAVETT, JEREMY POPE, JOEL KIM BOOSTER, LAURA DERN, TOM ROTHMAN"
Scorsese Shorts,Martin Scorsese,5,"JOEL POTRYKUS, JOHNNIE TO, LAURA DERN, LILY GLADSTONE & ERICA TREMBLAY, ROSAMUND PIKE"
Petite maman,Céline Sciamma,5,"AIMEE LOU WOOD, AMELIA DIMOLDENBERG, BILL HADER, JODIE FOSTER, JUSTINE TRIET"
The Piano,Jane Campion,5,"ALESSANDRO BORGHI, FELIX VAN GROENINGEN, AND CHARLOTTE VANDERMEERSCH, JODIE FOSTER, LEE DANIELS, MAURA DELPERO, ROSE BYRNE"
Parasite,Bong Joon Ho,5,"AGNIESZKA HOLLAND, DIEGO LUNA, ELLE FANNING, JODIE FOSTER, JULIA GARNER"
La haine,Mathieu Kassovitz,5,"BARRY JENKINS, JODIE FOSTER, JR, RYUSUKE HAMAGUCHI, RZA"
Woman in the Dunes,Hiroshi Teshigahara,5,"ARI ASTER, GINTS ZILBALODIS, HIDEO KOJIMA, JODIE FOSTER, MARK RYLANCE"
Burden of Dreams,Les Blank,5,"DAVID REMNICK, LILA AVILÉS, MARC MARON, SARA DOSA, THE WOLFPACK"
Tiny Furniture,Lena Dunham,5,"AGNÈS VARDA, DESIREE AKHAVAN, JEREMY O. HARRIS, JULIA FOX, RACHEL SENNOTT"
Happiness,Todd Solondz,5,"ALAIN GUIRAUDIE, ANDREW GARFIELD, CARRIE COON, KATYA ZAMOLODCHIKOVA, RACHEL SENNOTT"
I Married a Witch,René Clair,5,"AUBREY PLAZA AND JEFF BAENA, CHERYL DUNYE, FLORENCE WELCH, LAURIE ANDERSON, SEAN BAKER"
Children of Paradise,Marcel Carné,5,"CARL FRANKLIN, JUNE SQUIBB, MAYA AND ETHAN HAWKE, REBECCA MILLER, STELLAN SKARSGÅRD"
Straw Dogs,Sam Peckinpah,5,"ARI ASTER, JASON SCHWARTZMAN, JOHNNIE TO, KATHRYN BIGELOW, RON SHELTON"
The Cranes Are Flying,Mikhail Kalatozov,5,"CALLUM TURNER, CATE BLANCHETT AND TODD FIELD, ISABEL SANDOVAL, NIA DACOSTA, SETH ROGEN & EVAN GOLDBERG"
The Apu Trilogy,Satyajit Ray,5,"AMIR NADERI, BARRY JENKINS, LAV DIAZ, NURI BILGE CEYLAN, SALLY POTTER"
Black Narcissus,Michael Powell and Emeric Pressburger,5,"CHARLOTTE RAMPLING AND ANDREW HAIGH, EDGAR WRIGHT, GUILLERMO DEL TORO, HARI NEF, ISABEL SANDOVAL"
Police Story / Police Story 2,Jackie Chan,5,"BOWEN YANG, DANIELS, EDGAR WRIGHT, JOEL EDGERTON, SETH ROGEN & EVAN GOLDBERG"
Days of Heaven,Terrence Malick,5,"AMY IRVING, ETHEL CAIN, KAHLIL JOSEPH, MAYA AND ETHAN HAWKE, THE WOLFPACK"
Short Cuts,Robert Altman,5,"BEN SINCLAIR, CHARLES MELTON, DEREK CIANFRANCE, FRANÇOIS GIRARD, JACQUES AUDIARD"
Some Like It Hot,Billy Wilder,5,"CLAIRE DANES, ELEGANCE BRATTON, FIVE COMICS, RICHARD E. GRANT, RON SHELTON"
The Worst Person in the World,Joachim Trier,5,"AMELIA DIMOLDENBERG, ANDREW STANTON, ELLE FANNING, GREG GONZALEZ, NATHALIE EMMANUEL"
"Chantal Akerman Masterpieces, 1968–1978",Chantal Akerman,5,"CHERYL DUNYE, KRISTIN SCOTT THOMAS, MARK DUPLASS, MARY BRONSTEIN, ST. VINCENT"
Trainspotting,Danny Boyle,5,"BEN AFFLECK, CHELSEA PERETTI, JARVIS COCKER, JOEL POTRYKUS, ROSE BYRNE"
Secrets & Lies,Mike Leigh,5,"ALICIA SILVERSTONE, JAY DUPLASS, KERRY CONDON, MARIANNE JEAN-BAPTISTE & MIKE LEIGH, ROSE BYRNE"
Rashomon,Akira Kurosawa,5,"BARRY JENKINS, ELEGANCE BRATTON, FRANÇOIS GIRARD, NICK OFFERMAN, PAUL GIAMATTI"
Matewan,John Sayles,5,"ANDREW STANTON, ANDRÉ HOLLAND, BILLY CRUDUP, KEMP POWERS, WINONA RYDER"
Blow-Up,Michelangelo Antonioni,5,"ALICIA SILVERSTONE, CAULEEN SMITH, GAEL GARCIA BERNAL, HLYNUR PÁLMASON, RAÚL CASTILLO"
The Night Porter,Liliana Cavani,5,"ATOM EGOYAN, CHARLOTTE RAMPLING AND ANDREW HAIGH, GUY MADDIN, KRISTIN SCOTT THOMAS, PETER SARSGAARD"
Thelma & Louise,Ridley Scott,5,"AIMEE LOU WOOD, ETHEL CAIN, MARGARET QUALLEY, TRACE LYSETTE, ZOË KRAVITZ AND CHANNING TATUM"
Beau travail,Claire Denis,5,"JEREMY THOMAS, MARGARET QUALLEY, RYUSUKE HAMAGUCHI, TODD HAYNES, WIM WENDERS"
A Face in the Crowd,Elia Kazan,5,"ARI ASTER, JULIA FOX, MARC MARON, MOLLY RINGWALD, NEAL BRENNAN"
To Be or Not to Be,Ernst Lubitsch,5,"ALFONSO CUARÓN AND PAWEŁ PAWLIKOWSKI, CHIARA MASTROIANNI, KEN BURNS, MATÍAS PIÑEIRO, TOM ROTHMAN"
Harlan County USA,Barbara Kopple,5,"BILL AND TURNER ROSS, BILL POPE, ROB DELANEY, TOM ROTHMAN, ZOË KRAVITZ AND CHANNING TATUM"
The Big Chill,Lawrence Kasdan,5,"AIMEE LOU WOOD, AUBREY PLAZA AND JEFF BAENA, FIVE COMICS, JOEL KIM BOOSTER, TOM ROTHMAN"
A Matter of Life and Death,Michael Powell and Emeric Pressburger,5,"ANNIE BAKER AND LUCIAN JOHNSTON, CHRISTIAN PETZOLD, DAVID BYRNE, SALLY POTTER, STEVE COOGAN"
White Material,Claire Denis,5,"JACQUELINE NOVAK AND JOHN EARLY, JOACHIM TRIER, MARIANNE JEAN-BAPTISTE & MIKE LEIGH, MATT DILLON, RENATE REINSVE"
Quadrophenia,Franc Roddam,5,"DYLAN BAKER, ISABEL SANDOVAL, LILY GLADSTONE & ERICA TREMBLAY, NICOLAS WINDING REFN, SIMON PEGG"
Miller’s Crossing,Joel Coen,5,"BARRY SONNENFELD, BEN AFFLECK, ELVIS MITCHELL, SETH MEYERS, TIM BLAKE NELSON"
The Daytrippers,Greg Mottola,5,"BILL HADER, DAN LEVY, LENA DUNHAM, SETH ROGEN & EVAN GOLDBERG, YO LA TENGO"
Dazed and Confused,Richard Linklater,5,"BEN AFFLECK, ISABEL SANDOVAL, MICHAEL K. WILLIAMS, ST. VINCENT, VICKY KRIEPS"
Badlands,Terrence Malick,5,"BEN AFFLECK, ERIC BANA, M.I.A. AND STEPHEN LOVERIDGE, RON SHELTON, SETH ROGEN & EVAN GOLDBERG"
Odd Man Out,Carol Reed,5,"DAVID CRONENBERG, DICK CAVETT, JOHN DWYER, KEN BURNS, NATHAN LANE"
A Special Day,Ettore Scola,5,"ALEXANDER PAYNE, CHARLES MELTON, CHIARA MASTROIANNI, CLAUDE LELOUCH, SARITA CHOUDHURY"
Cold War,Paweł Pawlikowski,5,"AIMEE LOU WOOD, ANTON CORBIJN, BILL HADER, EDWARD BERGER, MANUEL GARCIA-RULFO"
The Lady Vanishes,Alfred Hitchcock,5,"EUZHAN PALCY, JOHN LITHGOW, LUCRECIA MARTEL, RON SHELTON, STEVE COOGAN"
Bamboozled,Spike Lee,5,"ELEGANCE BRATTON, FRANKLIN LEONARD, JANE SCHOENBRUN, NEAL BRENNAN, QUESTLOVE"
Andrei Rublev,Andrei Tarkovsky,5,"CATHERINE BREILLAT, HANS ZIMMER, MATTEO GARRONE, NURI BILGE CEYLAN, WALTER SALLES"
All About My Mother,Pedro Almodóvar,5,"AGNÈS B., JULIA FOX, KERRY CONDON, PABLO LARRAÍN, TRACE LYSETTE"
Rumble Fish,Francis Ford Coppola,5,"BEN WHEATLEY, ETHAN HAWKE AND JONATHAN MARC SHERMAN, FRANCIS FORD COPPOLA, RODRIGO PRIETO, WILCO"
Five Easy Pieces,Bob Rafelson,5,"CALLUM TURNER, ETHAN HAWKE AND JONATHAN MARC SHERMAN, MICHAEL SHANNON, MIKEY MADISON, YORGOS LANTHIMOS & ARIANE LABED"
Cure,Kiyoshi Kurosawa,5,"ARI ASTER, CHARLES MELTON, CHIARA MASTROIANNI, KOJI YAKUSHO, RYUSUKE HAMAGUCHI"
Eclipse Series 3: Late Ozu,Collector’s Set,5,"HIDEO KOJIMA, ISABELLE HUPPERT, JULIETTE BINOCHE AND RALPH FIENNES, KARYN KUSAMA, TYLER MITCHELL"
Eclipse Series 2: The Documentaries of Louis Malle,Collector’s Set,5,"FRANÇOIS GIRARD, JENNI OLSON, JULIETTE BINOCHE AND RALPH FIENNES, PAYAL KAPADIA, THE QUAY BROTHERS"
A Film Trilogy by Ingmar Bergman,Collector’s Set,5,"AMIR NADERI, DENIS VILLENEUVE, EUZHAN PALCY, RENATE REINSVE, THEODORE WITCHER"
The Signifyin’ Works of Marlon Riggs,Collector’s Set,5,"CHERYL DUNYE, GARRETT BRADLEY, JEREMY POPE, JOHN DARNIELLE, KLEBER MENDONÇA FILHO"
La Ciénaga,Lucrecia Martel,5,"AZAZEL JACOBS, BARRY JENKINS, MATÍAS PIÑEIRO, RAVEN JACKSON, TYLER MITCHELL"
Girlfriends,Claudia Weill,5,"AMELIA DIMOLDENBERG, AZAZEL JACOBS, CHELSEA PERETTI, JEREMY O. HARRIS, PAULINE CHALAMET"
Good Morning,Yasujiro Ozu,5,"FIVE COMICS, IRA SACHS, JIA ZHANGKE, MICHAEL CERA, PAUL DANO"
Stalker,Andrei Tarkovsky,5,"ANNA KENDRICK, CAULEEN SMITH, FLYING LOTUS, JUDE LAW, RAMELL ROSS"
Onibaba,Kaneto Shindo,5,"HIDEO KOJIMA, JENNIFER KENT, LILA AVILÉS, MANUEL GARCIA-RULFO, WILLEM DAFOE"
Eclipse Series 24: The Actuality Dramas of Allan King,Allan King,5,"ALDEN EHRENREICH, BILL HADER, JUSTINE TRIET, MICHAEL CERA, TIM ROBBINS"
L’argent,Robert Bresson,5,"ANNIE BAKER AND LUCIAN JOHNSTON, FRANÇOIS GIRARD, HLYNUR PÁLMASON, JOSH AND BENNY SAFDIE, TYLER MITCHELL"
An Angel at My Table,Jane Campion,5,"AGNÈS VARDA, JEAN-PIERRE AND LUC DARDENNE, LEE UNKRICH, MAYA AND ETHAN HAWKE, MINNIE DRIVER"
Solaris,Andrei Tarkovsky,5,"HARRIS SAVIDES, JOACHIM TRIER, PAUL GIAMATTI, ROGER & JAMES DEAKINS, THE WOLFPACK"
Mishima: A Life in Four Chapters,Paul Schrader,5,"ARI ASTER, GASPAR NOÉ, HARI NEF, ISABEL SANDOVAL, JOACHIM TRIER"
Day for Night,François Truffaut,5,"AUBREY PLAZA AND JEFF BAENA, DESIREE AKHAVAN, PAULINE CHALAMET, RICHARD E. GRANT, SARITA CHOUDHURY"
Persona,Ingmar Bergman,4,"LAURA DERN, LAV DIAZ, LOUIS GARREL, YORGOS LANTHIMOS"
Belle de jour,Luis Buñuel,4,"CHARLOTTE GAINSBOURG, HARI NEF, KATYA ZAMOLODCHIKOVA, LAURA DERN"
Inland Empire,David Lynch,4,"LAURA DERN, MARY BRONSTEIN, TED DANSON & MARY STEENBURGEN, YORGOS LANTHIMOS"
Wings of Desire,Wim Wenders,4,"ALAN PALOMO, ATOM EGOYAN, JODIE FOSTER, PATRICK BRICE"
The Tin Drum,Volker Schlöndorff,4,"KERRY CONDON, RAMELL ROSS, RICHARD E. GRANT, WILL ARNETT"
Les Blank: Always for Pleasure,Les Blank,4,"BILL AND TURNER ROSS, HANS ZIMMER, MATÍAS PIÑEIRO, WILL ARNETT"
Citizen Kane,Orson Welles,4,"DAVID REMNICK, KEVIN SMITH, NICHOLAS BRITELL, NICHOLAS HOULT"
Rushmore,Wes Anderson,4,"FLYING LOTUS, LAURA ALBERT & JEFF FEUERZEIG, TED DANSON & MARY STEENBURGEN, THE WOLFPACK"
Hobson’s Choice,David Lean,4,"AZAZEL JACOBS, CAROL KANE, MICHAEL CERA, TED DANSON & MARY STEENBURGEN"
Hollywood Shuffle,Robert Townsend,4,"BEN AFFLECK, CHELSEA PERETTI, KEVIN SMITH, VINCE STAPLES"
Pina,Wim Wenders,4,"FLORENCE WELCH, KATYA ZAMOLODCHIKOVA, KEN BURNS, MAYA AND ETHAN HAWKE"
The Grifters,Stephen Frears,4,"ARI ASTER, CLAIRE DANES, DANNY BOYLE, LUCY LIU"
Twin Peaks: Fire Walk with Me,David Lynch,4,"GREGG ARAKI, JACQUELINE NOVAK AND JOHN EARLY, JOHN WATERS, NIA DACOSTA"
The Ranown Westerns: Five Films Directed by Budd Boetticher,Collector’s Set,4,"AMY IRVING, MARIANNE JEAN-BAPTISTE & MIKE LEIGH, TRACY LETTS, VIGGO MORTENSEN"
’Round Midnight,Bertrand Tavernier,4,"CARL FRANKLIN, ELVIS MITCHELL, JERRY SCHATZBERG, TRACY LETTS"
love jones,Theodore Witcher,4,"ELVIS MITCHELL, RYAN COOGLER, TRACE LYSETTE, TRACY LETTS"
Lost Highway,David Lynch,4,"AGNÈS B., JOSH BROLIN, LAV DIAZ, MARY HARRON"
World of Wong Kar Wai,Collector’s Set,4,"ALESSANDRO BORGHI, FELIX VAN GROENINGEN, AND CHARLOTTE VANDERMEERSCH, BRADY CORBET, LUCA GUADAGNINO, RAMELL ROSS"
Tampopo,Juzo Itami,4,"ANDREW GARFIELD, BI GAN, DANIELS, KAHLIL JOSEPH"
A Woman Under the Influence,John Cassavetes,4,"CHARLOTTE WELLS, CLAIRE DANES, JAMIE LEE CURTIS, ZOË KRAVITZ AND CHANNING TATUM"
The Virgin Suicides,Sofia Coppola,4,"DAN LEVY, ELLE FANNING, JULIA FOX, JULIO TORRES"
An Unmarried Woman,Paul Mazursky,4,"JASON SCHWARTZMAN, JUSTINE TRIET, ROSE BYRNE, TRACE LYSETTE"
Il posto,Ermanno Olmi,4,"CHARLES BURNETT, JOSH AND BENNY SAFDIE, MAURA DELPERO, WAGNER MOURA"
Salesman,"David Maysles, Albert Maysles, and Charlotte Zwerin",4,"ANDREW GARFIELD, GUILLERMO DEL TORO, SETH MEYERS, YORGOS LANTHIMOS & ARIANE LABED"
Menace II Society,Albert Hughes and Allen Hughes,4,"JOHN DAVID WASHINGTON AND MALCOLM WASHINGTON, NEAL BRENNAN, REGINALD HUDLIN, WYCLEF JEAN"
Original Cast Album: “Company”,D. A. Pennebaker,4,"ANDREW GARFIELD, JEREMY O. HARRIS, JOHN DARNIELLE, JUDD APATOW"
Paper Moon,Peter Bogdanovich,4,"ALICIA SILVERSTONE, ANDREW STANTON, JAMIE LEE CURTIS, MAURA TIERNEY"
Elevator to the Gallows,Louis Malle,4,"JOSEPH KOSINSKI, KRISTIN SCOTT THOMAS, PAMELA ANDERSON, PETER WOLF"
Ivan’s Childhood,Andrei Tarkovsky,4,"CHARLOTTE RAMPLING AND ANDREW HAIGH, JERZY SKOLIMOWSKI, KRISTIN SCOTT THOMAS, NICOLAS WINDING REFN"
The Silence of the Lambs,Jonathan Demme,4,"BEN AFFLECK, BETSEY JOHNSON, ERIC BANA, TUNDE ADEBIMPE"
Band of Outsiders,Jean-Luc Godard,4,"AGNÈS VARDA, BILL POPE, MOLLY RINGWALD, PETER WOLF"
Uncut Gems,Josh Safdie and Benny Safdie,4,"JAMIE LEE CURTIS, JOEL EDGERTON, MINNIE DRIVER, NATASHA LYONNE"
Crash,David Cronenberg,4,"BERTRAND BONELLO, DIANE KRUGER, ETHEL CAIN, ROSANNA ARQUETTE"
The Lady Eve,Preston Sturges,4,"AUBREY PLAZA AND JEFF BAENA, CHRISTIAN PETZOLD, JAMES L. BROOKS, MATTHEW BRODERICK"
My Man Godfrey,Gregory La Cava,4,"FLOYD NORMAN, MARY HARRON, MATTHEW BRODERICK, RICKIE LEE JONES"
The Parallax View,Alan J. Pakula,4,"ARI ASTER, ELVIS MITCHELL, JOSEPH KOSINSKI, WILCO"
The Ice Storm,Ang Lee,4,"CAROL KANE, MAURA TIERNEY, SETH ROGEN & EVAN GOLDBERG, TOM ROTHMAN"
Breathless,Jean-Luc Godard,4,"BARRY JENKINS, JOSEPH KOSINSKI, PAMELA ANDERSON, SETH ROGEN & EVAN GOLDBERG"
Ghost Dog: The Way of the Samurai,Jim Jarmusch,4,"JOHN DAVID WASHINGTON AND MALCOLM WASHINGTON, RAMELL ROSS, RZA, WINONA RYDER"
My Life as a Dog,Lasse Hallström,4,"CARL FRANKLIN, COLIN QUINN, JOEL EDGERTON, SIMON PEGG"
Watership Down,Martin Rosen,4,"BEN WHEATLEY, CHARLOTTE RAMPLING AND ANDREW HAIGH, KEMP POWERS, SETH MEYERS"
Lost in America,Albert Brooks,4,"JAMES L. BROOKS, KLEBER MENDONÇA FILHO, SETH MEYERS, WINONA RYDER"
Heaven Can Wait,Ernst Lubitsch,4,"KIM CATTRALL, NATASHA LYONNE, NATHAN LANE, RYUSUKE HAMAGUCHI"
Umberto D.,Vittorio De Sica,4,"MARCO BELLOCCHIO, MOLLY RINGWALD, NATASHA LYONNE, WILLIAM FRIEDKIN"
Thief,Michael Mann,4,"AMY IRVING, AYO EDEBIRI, PATRICK BRICE, RYAN COOGLER"
Dietrich & von Sternberg in Hollywood,Josef von Sternberg,4,"ALESSANDRO BORGHI, FELIX VAN GROENINGEN, AND CHARLOTTE VANDERMEERSCH, DIANE KRUGER, JERRY SCHATZBERG, MOLLY RINGWALD"
Being John Malkovich,Spike Jonze,4,"BEN SINCLAIR, CHARLOTTE GAINSBOURG, MICHAEL SHANNON, PAUL W. DOWNS"
Black Girl,Ousmane Sembène,4,"CAULEEN SMITH, ROSINE MBAKAM, TUNDE ADEBIMPE, YO LA TENGO"
The Vanishing,George Sluizer,4,"ASIF KAPADIA, BARBIE FERREIRA, CHRIS EIGEMAN, ZOË KRAVITZ AND CHANNING TATUM"
Red Desert,Michelangelo Antonioni,4,"ANDRÉ GREGORY AND WALLACE SHAWN, BARBIE FERREIRA, PARK CHAN-WOOK, PAUL B. PRECIADO"
The Killing,Stanley Kubrick,4,"FRANÇOIS GIRARD, SETH ROGEN & EVAN GOLDBERG, THE WOLFPACK, ZOË KRAVITZ AND CHANNING TATUM"
L’eclisse,Michelangelo Antonioni,4,"ANDRÉ GREGORY AND WALLACE SHAWN, ROSAMUND PIKE, SARITA CHOUDHURY, VOLKER SCHLÖNDORFF"
A Taste of Honey,Tony Richardson,4,"AUBREY PLAZA AND JEFF BAENA, KIM CATTRALL, RICKIE LEE JONES, ROSAMUND PIKE"
Mean Streets,Martin Scorsese,4,"CALLUM TURNER, CHIARA MASTROIANNI, JR, ROSAMUND PIKE"
Saint Omer,Alice Diop,4,"ANNA KENDRICK, FRANKLIN LEONARD, ISABELLE HUPPERT, ZEINABU IRENE DAVIS"
The Complete Monterey Pop Festival,D. A. Pennebaker,4,"BEN GIBBARDS, QUESTLOVE, RICKIE LEE JONES, YO LA TENGO"
Gimme Shelter,"David Maysles, Albert Maysles, and Charlotte Zwerin",4,"KEVIN BACON, MARC MARON, QUESTLOVE, THE WOLFPACK"
The Spirit of the Beehive,Víctor Erice,4,"DESIREE AKHAVAN, HLYNUR PÁLMASON, KLEBER MENDONÇA FILHO, MICHELLE ZAUNER"
Walkabout,Nicolas Roeg,4,"ALICIA MALONE, ARI ASTER, ATOM EGOYAN, JOSH AND BENNY SAFDIE"
The Damned,Luchino Visconti,4,"BRADY CORBET, CARL FRANKLIN, KARYN KUSAMA, MARK BRIDGES"
Time,Garrett Bradley,4,"BILL AND TURNER ROSS, SAUL WILLIAMS AND ANISIA UZEYMAN, TYLER MITCHELL, WALTER SALLES"
Eyes Without a Face,Georges Franju,4,"CHARLES MELTON, EDGAR WRIGHT, LUCRECIA MARTEL, MIKEY MADISON"
Life Is Sweet,Mike Leigh,4,"DESIREE AKHAVAN, HARRIS DICKINSON, PARK CHAN-WOOK, SEAN BAKER"
Fantastic Mr. Fox,Wes Anderson,4,"FLYING LOTUS, GINTS ZILBALODIS, JARVIS COCKER, NICHOLAS HOULT"
Rebecca,Alfred Hitchcock,4,"CHIARA MASTROIANNI, FLOYD NORMAN, KEN BURNS, TYLER MITCHELL"
Things to Come,William Cameron Menzies,4,"BEN WHEATLEY, CHIARA MASTROIANNI, NICOLAS WINDING REFN, YORGOS LANTHIMOS & ARIANE LABED"
Eclipse Series 23: The First Films of Akira Kurosawa,Akira Kurosawa,4,"BENJAMIN MILLEPIED, JOHNNIE TO, JULIETTE BINOCHE AND RALPH FIENNES, MARIANNE JEAN-BAPTISTE & MIKE LEIGH"
Au hasard Balthazar,Robert Bresson,4,"CALLUM TURNER, JULIETTE BINOCHE AND RALPH FIENNES, WIM WENDERS, YORGOS LANTHIMOS & ARIANE LABED"
The Qatsi Trilogy,Godfrey Reggio,4,"BENJAMIN MILLEPIED, GINTS ZILBALODIS, KARYN KUSAMA, RAMELL ROSS"
The Exterminating Angel,Luis Buñuel,4,"ALAIN GUIRAUDIE, AZAZEL JACOBS, BEN GIBBARDS, EDWARD BERGER"
M,Fritz Lang,4,"AMY HECKERLING, JACQUES AUDIARD, THE WOLFPACK, WILLIAM FRIEDKIN"
"Dr. Strangelove, or: How I Learned to Stop Worrying and Love the Bomb",Stanley Kubrick,4,"BARRY SONNENFELD, MATTHEW MODINE, PHIL ROSENTHAL, ​LUIS GUZMÁN"
One-Eyed Jacks,Marlon Brando,4,"BARRY LEVINSON, ETHAN HAWKE AND JONATHAN MARC SHERMAN, NICK LOWE, PAUL DANO"
Cat People,Jacques Tourneur,4,"BILL HADER, KIM CATTRALL, LUCRECIA MARTEL, PAUL GIAMATTI"
Don’t Look Now,Nicolas Roeg,4,"ASIF KAPADIA, EDGAR WRIGHT, GINA GERSHON, KLEBER MENDONÇA FILHO"
Old Joy,Kelly Reichardt,4,"BEN GIBBARDS, BEN SINCLAIR, LILY GLADSTONE & ERICA TREMBLAY, TODD HAYNES"
Knife in the Water,Roman Polanski,4,"DESIREE AKHAVAN, FREDERICK WISEMAN, JERRY SCHATZBERG, NURI BILGE CEYLAN"
Two-Lane Blacktop,Monte Hellman,4,"ALFONSO CUARÓN AND PAWEŁ PAWLIKOWSKI, BEN WHEATLEY, PAUL SCHEER, ROBERT DOWNEY SR."
Carnival of Souls,Herk Harvey,4,"FLYING LOTUS, LUCRECIA MARTEL, PAUL GIAMATTI, YO LA TENGO"
Weekend,Andrew Haigh,4,"BARRY JENKINS, CHARLOTTE RAMPLING AND ANDREW HAIGH, DAN LEVY, RAVEN JACKSON"
Le Havre,Aki Kaurismäki,4,"BEN GIBBARDS, RICHARD AYOADE, THE QUAY BROTHERS, VOLKER SCHLÖNDORFF"
Masculin féminin,Jean-Luc Godard,4,"ALFONSO CUARÓN AND PAWEŁ PAWLIKOWSKI, FLYING LOTUS, GREGG ARAKI, TODD HAYNES"
Beyond the Valley of the Dolls,Russ Meyer,4,"JOHN WATERS, SUSANNA HOFFS, TODD HAYNES, YO LA TENGO"
The Player,Robert Altman,4,"AUBREY PLAZA AND JEFF BAENA, CHARLIE DAY, JOSH AND BENNY SAFDIE, MATTHEW MODINE"
The Magician,Ingmar Bergman,4,"ALEC BALDWIN, GUILLERMO DEL TORO, LAURIE ANDERSON, PARK CHAN-WOOK"
Paths of Glory,Stanley Kubrick,4,"FREDERICK WISEMAN, GUILLERMO DEL TORO, OWEN KLINE, TERRY GILLIAM"
Antichrist,Lars von Trier,4,"ADRIAN UTLEY, BILL HADER, CHARLOTTE GAINSBOURG, SLAVOJ ŽIŽEK"
Stage and Spectacle: Three Films by Jean Renoir,Collector’s Set,4,"JACK GARFEIN, MATÍAS PIÑEIRO, PHILIP KAUFMAN, RENATE REINSVE"
Real Life,Albert Brooks,3,"BILL HADER, BOWEN YANG, LAURA DERN"
The Awful Truth,Leo McCarey,3,"GRIFFIN DUNNE, KRISTIN SCOTT THOMAS, LAURA DERN"
The Last Picture Show,Peter Bogdanovich,3,"ARI ASTER, GREG GONZALEZ, LAURA DERN"
Portrait of a Lady on Fire,Céline Sciamma,3,"AMELIA DIMOLDENBERG, JODIE FOSTER, LINA RODRIGUEZ"
Withnail and I,Bruce Robinson,3,"FLORENCE WELCH, SETH MEYERS, WILL ARNETT"
The Double Life of Véronique,Krzysztof Kieślowski,3,"BRIT MARLING AND ZAL BATMANGLIJ, NICHOLAS BRITELL, RODARTE"
Tokyo Olympiad,Kon Ichikawa,3,"KAHLIL JOSEPH, NICHOLAS BRITELL, ROGER & JAMES DEAKINS"
Brief Encounter,David Lean,3,"PARK CHAN-WOOK, TED DANSON & MARY STEENBURGEN, TODD HAYNES"
"By Brakhage: An Anthology, Volumes One and Two",Stan Brakhage,3,"DAVID REMNICK, DEREK CIANFRANCE, TUNDE ADEBIMPE"
"The Wes Anderson Archive: Ten Films, Twenty-Five Years",Collector’s Set,3,"CILLIAN MURPHY, DAVID REMNICK, GUILLERMO DEL TORO"
Eclipse Series 31: Three Popular Films by Jean-Pierre Gorin,Collector’s Set,3,"CAULEEN SMITH, LOUIS GARREL, VINCE STAPLES"
"Jo Jo Dancer, Your Life Is Calling",Richard Pryor,3,"CARRIE COON, NATASHA LYONNE, VINCE STAPLES"
Häxan,Benjamin Christensen,3,"CATE BLANCHETT AND TODD FIELD, FLORENCE WELCH, JENNIFER KENT"
This Is Spinal Tap,Rob Reiner,3,"FLORENCE WELCH, JAMIE LEE CURTIS, MARY BRONSTEIN"
Jackie Chan: Emergence of a Superstar,Collector’s Set,3,"JOHN DAVID WASHINGTON AND MALCOLM WASHINGTON, LUCY LIU, SETH ROGEN & EVAN GOLDBERG"
Army of Shadows,Jean-Pierre Melville,3,"KATHRYN BIGELOW, RYUSUKE HAMAGUCHI, SETH MEYERS"
Funny Games,Michael Haneke,3,"BEN SINCLAIR, JASON BATEMAN, SETH ROGEN & EVAN GOLDBERG"
Carnal Knowledge,Mike Nichols,3,"BENNY SAFDIE, BILLY CRUDUP, YORGOS LANTHIMOS"
Wim Wenders: The Road Trilogy,Collector’s Set,3,"BENNY SAFDIE, GARRETT BRADLEY, JEREMY THOMAS"
The Great Escape,John Sturges,3,"AMY IRVING, BENNY SAFDIE, ERIC BANA"
Kwaidan,Masaki Kobayashi,3,"HIDEO KOJIMA, RODRIGO PRIETO, TRACY LETTS"
Hoop Dreams,Steve James,3,"ANDREW GARFIELD, NATASHA LYONNE, TRACY LETTS"
Winchester ’73,Anthony Mann,3,"ARI ASTER, TOM ROTHMAN, TRACY LETTS"
Ugetsu,Kenji Mizoguchi,3,"HIDEO KOJIMA, JULIA FOX, LAV DIAZ"
A Hard Day’s Night,Richard Lester,3,"AMELIA DIMOLDENBERG, EDGAR WRIGHT, MIKE LEIGH"
The Naked Kiss,Samuel Fuller,3,"HARI NEF, LUCA GUADAGNINO, OWEN KLINE"
Certified Copy,Abbas Kiarostami,3,"DEREK CIANFRANCE, PABLO LARRAÍN, RENATE REINSVE"
Dogfight,Nancy Savoca,3,"CLAIRE DANES, KARYN KUSAMA, KERRY CONDON"
Daisies,Věra Chytilová,3,"ARI ASTER, ELLE FANNING, ROSAMUND PIKE"
Bringing Up Baby,Howard Hawks,3,"ELLE FANNING, GREGG ARAKI, NEAL BRENNAN"
I Knew Her Well,Antonio Pietrangeli,3,"DESIREE AKHAVAN, ELLE FANNING, ISABELLE HUPPERT"
"Dance, Girl, Dance",Dorothy Arzner,3,"FRANCIS FORD COPPOLA, MARY BRONSTEIN, SALLY POTTER"
"It’s a Mad, Mad, Mad, Mad World",Stanley Kramer,3,"DYLAN BAKER, MARY BRONSTEIN, SETH ROGEN & EVAN GOLDBERG"
Martin Scorsese’s World Cinema Project No. 3,Collector’s Set,3,"CARL FRANKLIN, KLEBER MENDONÇA FILHO, WAGNER MOURA"
Martin Scorsese’s World Cinema Project No. 2,Collector’s Set,3,"HARRIS DICKINSON, PAYAL KAPADIA, WAGNER MOURA"
Rosetta,Luc Dardenne and Jean-Pierre Dardenne,3,"CILLIAN MURPHY, JOHN DAVID WASHINGTON AND MALCOLM WASHINGTON, WAGNER MOURA"
Drugstore Cowboy,Gus Van Sant,3,"BARBIE FERREIRA, JOSH BROLIN, MATT DILLON"
Dead Man,Jim Jarmusch,3,"BILL AND TURNER ROSS, DAVID BYRNE, NICK OFFERMAN"
All That Heaven Allows,Douglas Sirk,3,"ELEGANCE BRATTON, GUILLERMO DEL TORO, TODD HAYNES"
George Washington,David Gordon Green,3,"BARRY JENKINS, JUDD APATOW, KERRY CONDON"
Fast Times at Ridgemont High,Amy Heckerling,3,"BEN AFFLECK, JOEL POTRYKUS, JUDD APATOW"
Purple Noon,René Clément,3,"GAEL GARCIA BERNAL, JUDE LAW, KRISTIN SCOTT THOMAS"
Chimes at Midnight,Orson Welles,3,"BARRY LEVINSON, CARL FRANKLIN, PETER WOLF"
The Manchurian Candidate,John Frankenheimer,3,"JAMIE LEE CURTIS, JOHN DWYER, KYLE MACLACHLAN"
The 39 Steps,Alfred Hitchcock,3,"ADRIAN UTLEY, DAVID BYRNE, MATTHEW BRODERICK"
Spartacus,Stanley Kubrick,3,"BARRY LEVINSON, LEE DANIELS, WYCLEF JEAN"
Touki bouki,Djibril Diop Mambéty,3,"BILL AND TURNER ROSS, MATT DILLON, SAUL WILLIAMS AND ANISIA UZEYMAN"
Pickup on South Street,Samuel Fuller,3,"CHRIS EIGEMAN, LEE DANIELS, MATT DILLON"
The Mother and the Whore,Jean Eustache,3,"BRADY CORBET, CARRIE COON, MICHAEL CERA"
The Grand Budapest Hotel,Wes Anderson,3,"JANE SCHOENBRUN, JARVIS COCKER, SETH MEYERS"
Town Bloody Hall,Chris Hegedus and D. A. Pennebaker,3,"LENA DUNHAM, MAURA TIERNEY, NATASHA LYONNE"
Night on Earth,Jim Jarmusch,3,"ERIC BANA, LENA DUNHAM, MARIANNE JEAN-BAPTISTE & MIKE LEIGH"
The Elephant Man,David Lynch,3,"BEN AFFLECK, KYLE MACLACHLAN, MICHAEL SHANNON"
Easy Rider,Dennis Hopper,3,"CRISTIAN MUNGIU, DIANE KRUGER, MIKEY MADISON"
Election,Alexander Payne,3,"DAN LEVY, PAUL W. DOWNS, TAVI GEVINSON"
Polyester,John Waters,3,"BARBIE FERREIRA, KATYA ZAMOLODCHIKOVA, RODARTE"
Betty Blue,Jean-Jacques Beineix,3,"BARBIE FERREIRA, GARRETT BRADLEY, MINNIE DRIVER"
Broadcast News,James L. Brooks,3,"AIMEE LOU WOOD, GINA PRINCE-BYTHEWOOD, TAVI GEVINSON"
André Gregory & Wallace Shawn: 3 Films,Collector’s Set,3,"ANDRÉ GREGORY AND WALLACE SHAWN, LAURIE ANDERSON, ROB DELANEY"
The Friends of Eddie Coyle,Peter Yates,3,"CHRIS EIGEMAN, GINA GERSHON, MARK RYLANCE"
Mystery Train,Jim Jarmusch,3,"ALAN PALOMO, BOWEN YANG, PATRICK BRICE"
In a Lonely Place,Nicholas Ray,3,"GRIFFIN DUNNE, RODARTE, TODD HAYNES"
Eric Rohmer’s Tales of the Four Seasons,Collector’s Set,3,"CARRIE COON, GREG GONZALEZ, MOLLY RINGWALD"
Michael Haneke: Trilogy,Michael Haneke,3,"ARI ASTER, ATOM EGOYAN, JOEL EDGERTON"
Working Girls,Lizzie Borden,3,"ATOM EGOYAN, ROSANNA ARQUETTE, SARITA CHOUDHURY"
Death in Venice,Luchino Visconti,3,"BRADY CORBET, CARL FRANKLIN, ROBERT EGGERS"
The Ascent,Larisa Shepitko,3,"BRADY CORBET, CATE BLANCHETT AND TODD FIELD, DYLAN BAKER"
Summertime,David Lean,3,"ELEGANCE BRATTON, PAMELA ANDERSON, ROSANNA ARQUETTE"
The Kid,Charles Chaplin,3,"ANNA KARINA, MIKEY MADISON, NATHAN LANE"
Heaven’s Gate,Michael Cimino,3,"JOACHIM TRIER, MARK BRIDGES, MIKEY MADISON"
Divorce Italian Style,Pietro Germi,3,"CHIARA MASTROIANNI, LESLIE HARRIS, MIKE LEIGH"
Harakiri,Masaki Kobayashi,3,"HIDEO KOJIMA, JOHNNIE TO, KOJI YAKUSHO"
This Sporting Life,Lindsay Anderson,3,"ALFONSO CUARÓN AND PAWEŁ PAWLIKOWSKI, JOHN LITHGOW, PAUL DANO"
Hunger,Steve McQueen,3,"KEN BURNS, MARIANNE JEAN-BAPTISTE & MIKE LEIGH, MICHAEL K. WILLIAMS"
Roberto Rossellini’s War Trilogy,Collector’s Set,3,"ALAIN GUIRAUDIE, EDWARD BERGER, MATTEO GARRONE"
Vampyr,Carl Th. Dreyer,3,"JACQUES AUDIARD, THE QUAY BROTHERS, WILLIAM FRIEDKIN"
After Hours,Martin Scorsese,3,"GINTS ZILBALODIS, JULIO TORRES, KLEBER MENDONÇA FILHO"
The Watermelon Woman,Cheryl Dunye,3,"CHERYL DUNYE, TYLER MITCHELL, ZEINABU IRENE DAVIS"
The Passion of Joan of Arc,Carl Th. Dreyer,3,"ADRIAN UTLEY, ANNA KENDRICK, HLYNUR PÁLMASON"
A Story of Floating Weeds / Floating Weeds: Two Films by Yasujiro Ozu,Collector’s Set,3,"MARIANNE JEAN-BAPTISTE & MIKE LEIGH, RYUSUKE HAMAGUCHI, WIM WENDERS"
Ashes and Diamonds,Andrzej Wajda,3,"JERZY SKOLIMOWSKI, MARIANNE JEAN-BAPTISTE & MIKE LEIGH, WILLEM DAFOE"
EO,Jerzy Skolimowski,3,"CHARLES MELTON, JR, MARIANNE JEAN-BAPTISTE & MIKE LEIGH"
The Prince of Tides,Barbra Streisand,3,"KERRY CONDON, KEVIN SMITH, LILA AVILÉS"
Deep Cover,Bill Duke,3,"KEMP POWERS, KEVIN SMITH, THEODORE WITCHER"
Salvatore Giuliano,Francesco Rosi,3,"BILL HADER, IRA SACHS, JOHN DARNIELLE"
The Fisher King,Terry Gilliam,3,"ALESSANDRO BORGHI, FELIX VAN GROENINGEN, AND CHARLOTTE VANDERMEERSCH, CAROL KANE, ZOË KRAVITZ AND CHANNING TATUM"
Diamonds of the Night,Jan Němec,3,"AGNIESZKA HOLLAND, JERZY SKOLIMOWSKI, ST. VINCENT"
Bottle Rocket,Wes Anderson,3,"AYO EDEBIRI, M.I.A. AND STEPHEN LOVERIDGE, PATRICK BRICE"
Frances Ha,Noah Baumbach,3,"FIVE COMICS, LILY GLADSTONE & ERICA TREMBLAY, MAYA AND ETHAN HAWKE"
Make Way for Tomorrow,Leo McCarey,3,"PAUL DANO, PAUL SCHEER, PHIL ROSENTHAL"
Breaker Morant,Bruce Beresford,3,"ALICIA MALONE, ERIC BANA, ETHAN HAWKE AND JONATHAN MARC SHERMAN"
Bigger Than Life,Nicholas Ray,3,"ARI ASTER, NICOLAS WINDING REFN, RYUSUKE HAMAGUCHI"
Design for Living,Ernst Lubitsch,3,"ANNIE BAKER AND LUCIAN JOHNSTON, HARI NEF, LAURIE ANDERSON"
Tess,Roman Polanski,3,"BONG JOON HO, JOSH AND BENNY SAFDIE, MAYA AND ETHAN HAWKE"
Me and You and Everyone We Know,Miranda July,3,"CHELSEA PERETTI, NEAL BRENNAN, SARA DOSA"
The Killing of a Chinese Bookie,John Cassavetes,3,"MARY HARRON, TIM BLAKE NELSON, WILLIAM FRIEDKIN"
The Life and Death of Colonel Blimp,Michael Powell and Emeric Pressburger,3,"ALDEN EHRENREICH, ANDRÉ GREGORY AND WALLACE SHAWN, PAUL GIAMATTI"
Island of Lost Souls,Erle C. Kenton,3,"DEVO: GERALD CASALE AND MARK MOTHERSBAUGH, GASPAR NOÉ, JACQUELINE NOVAK AND JOHN EARLY"
Kagemusha,Akira Kurosawa,3,"DAN LEVY, JOHN DARNIELLE, WIM WENDERS"
Eclipse Series 12: Aki Kaurismäki’s Proletariat Trilogy,Aki Kaurismäki,3,"BEN GIBBARDS, LILA AVILÉS, THE QUAY BROTHERS"
The Devil’s Backbone,Guillermo del Toro,3,"EUZHAN PALCY, RAVEN JACKSON, WILLEM DAFOE"
Written on the Wind,Douglas Sirk,3,"ELEGANCE BRATTON, OWEN KLINE, TODD HAYNES"
"sex, lies, and videotape",Steven Soderbergh,3,"FIVE COMICS, JUSTINE TRIET, KYLE MACLACHLAN"
My Beautiful Laundrette,Stephen Frears,3,"JOSH AND BENNY SAFDIE, MARK BRIDGES, SARITA CHOUDHURY"
Pierre Etaix,Collector’s Set,3,"JULIO TORRES, LOUIS GARREL, RENATE REINSVE"
Scenes from a Marriage,Ingmar Bergman,3,"AUBREY PLAZA AND JEFF BAENA, BARBARA SUKOWA, LESLIE HARRIS"
Man Bites Dog,"Rémy Belvaux, André Bonzel, and Benoit Poelvoorde",3,"FIVE COMICS, JOEL EDGERTON, YORGOS LANTHIMOS & ARIANE LABED"
Eclipse Series 19: Chantal Akerman in the Seventies,Chantal Akerman,3,"CHARLOTTE WELLS, SEAN BAKER, TAVI GEVINSON"
My Winnipeg,Guy Maddin,3,"CATE BLANCHETT AND TODD FIELD, LAURIE ANDERSON, WILCO"
Summer with Monika,Ingmar Bergman,3,"CATE BLANCHETT AND TODD FIELD, CLAIRE DENIS, LOUIS GARREL"
Cronos,Guillermo del Toro,3,"BONG JOON HO, EUZHAN PALCY, KEMP POWERS"
Eating Raoul,Paul Bartel,3,"ANDRÉ GREGORY AND WALLACE SHAWN, PETER SARSGAARD, SEAN BAKER"
Throne of Blood,Akira Kurosawa,3,"BONG JOON HO, EDGAR WRIGHT, MARCO BELLOCCHIO"
Rosemary’s Baby,Roman Polanski,3,"AUBREY PLAZA AND JEFF BAENA, FIVE COMICS, THE WOLFPACK"
Nashville,Robert Altman,3,"KIM CATTRALL, RICHARD E. GRANT, TIM ROBBINS"
Repulsion,Roman Polanski,3,"GUILLERMO DEL TORO, KIM CATTRALL, THE WOLFPACK"
Tanner ’88,Robert Altman,2,"LAURA DERN, MATTHEW MODINE"
Diabolique,Henri-Georges Clouzot,2,"JUNE SQUIBB, LAURA DERN"
The Umbrellas of Cherbourg,Jacques Demy,2,"LAURA DERN, ROB DELANEY"
Smooth Talk,Joyce Chopra,2,"ALICIA SILVERSTONE, LAURA DERN"
The Underground Railroad,Barry Jenkins,2,"JOHN DAVID WASHINGTON AND MALCOLM WASHINGTON, NICHOLAS BRITELL"
Funny Girl,William Wyler,2,"AIMEE LOU WOOD, TED DANSON & MARY STEENBURGEN"
"Thelonious Monk Straight, No Chaser",Charlotte Zwerin,2,"DAVID REMNICK, TRACY LETTS"
King Lear,Jean-Luc Godard,2,"BEN WHISHAW, DAVID REMNICK"
The Others,Alejandro Amenábar,2,"JOEL KIM BOOSTER, VINCE STAPLES"
Topsy-Turvy,Mike Leigh,2,"RIAN JOHNSON, TIM BLAKE NELSON"
Valerie and Her Week of Wonders,Jaromil Jireš,2,"FLORENCE WELCH, TAVI GEVINSON"
Yojimbo / Sanjuro: Two Samurai Films by Akira Kurosawa,Collector’s Set,2,"JUNE SQUIBB, TERRY GILLIAM"
Detour,Edgar G. Ulmer,2,"KATHRYN BIGELOW, PATTON OSWALT"
The Power of the Dog,Jane Campion,2,"ELLE FANNING, NIA DACOSTA"
"Black God, White Devil",Glauber Rocha,2,"WAGNER MOURA, YORGOS LANTHIMOS"
Flow,Gints Zilbalodis,2,"BENNY SAFDIE, MARK DUPLASS"
The Red Balloon and Other Stories: Five Films by Albert Lamorisse,Collector’s Set,2,"BENNY SAFDIE, CHELSEA PERETTI"
Red River,Howard Hawks,2,"TRACY LETTS, VIGGO MORTENSEN"
I Am Cuba,Mikhail Kalatozov,2,"DANNY BOYLE, LAV DIAZ"
Werckmeister Harmonies,Béla Tarr and Ágnes Hranitzky,2,"JANE SCHOENBRUN, LAV DIAZ"
Céline and Julie Go Boating,Jacques Rivette,2,"CHARLI XCX, MOLLY RINGWALD"
Autumn Sonata,Ingmar Bergman,2,"CHARLI XCX, JANE SCHOENBRUN"
Something Wild,Jonathan Demme,2,"EDGAR WRIGHT, GREGG ARAKI"
The Three Musketeers / The Four Musketeers: Two Films by Richard Lester,Collector’s Set,2,"EDGAR WRIGHT, WYCLEF JEAN"
The Earrings of Madame de . . .,Max Ophuls,2,"EDGAR WRIGHT, PETER WOLF"
The Last Temptation of Christ,Martin Scorsese,2,"LUCA GUADAGNINO, WILLEM DAFOE"
Youth of the Beast,Seijun Suzuki,2,"BI GAN, JOHN DARNIELLE"
Master of the House,Carl Th. Dreyer,2,"BI GAN, GASPAR NOÉ"
Freaks / The Unknown / The Mystic: Tod Browning’s Sideshow Shockers,Tod Browning,2,"DEREK CIANFRANCE, ROBERT EGGERS"
The Breakfast Club,John Hughes,2,"AZAZEL JACOBS, CLAIRE DANES"
Streetwise/Tiny: The Life of Erin Blackwell,Martin Bell,2,"BEN GIBBARDS, CLAIRE DANES"
Frownland,Ronald Bronstein,2,"MARY BRONSTEIN, PATTON OSWALT"
The Kid with a Bike,Jean-Pierre Dardenne and Luc Dardenne,2,"CALLUM TURNER, WAGNER MOURA"
Sweetie,Jane Campion,2,"AGNÈS VARDA, BEN WHISHAW"
Jubilee,Derek Jarman,2,"ANOHNI, BEN WHISHAW"
L’humanité,Bruno Dumont,2,"BEN WHISHAW, HLYNUR PÁLMASON"
Night and Fog,Alain Resnais,2,"ANOHNI, HANS ZIMMER"
1984,Michael Radford,2,"ANOHNI, JANELLE MONÁE"
Heart of a Dog,Laurie Anderson,2,"NICK OFFERMAN, WILCO"
A Room with a View,James Ivory,2,"CHARLOTTE RAMPLING AND ANDREW HAIGH, NICK OFFERMAN"
Kicking and Screaming,Noah Baumbach,2,"BILLY CRUDUP, MAYA AND ETHAN HAWKE"
Lone Star,John Sayles,2,"ARI ASTER, MARK DUPLASS"
Code Unknown,Michael Haneke,2,"ASIF KAPADIA, CILLIAN MURPHY"
Roma,Federico Fellini,2,"COLIN QUINN, GUILLERMO DEL TORO"
Au revoir les enfants,Louis Malle,2,"GUILLERMO DEL TORO, WINONA RYDER"
Killer of Sheep,Charles Burnett,2,"CHARLES BURNETT, REGINALD HUDLIN"
Risky Business,Paul Brickman,2,"GREG GONZALEZ, REGINALD HUDLIN"
Slacker,Richard Linklater,2,"JAY DUPLASS, KEVIN SMITH"
The Life Aquatic with Steve Zissou,Wes Anderson,2,"JUDD APATOW, WILLEM DAFOE"
Kameradschaft,G. W. Pabst,2,"JUDD APATOW, ROGER & JAMES DEAKINS"
Women in Love,Ken Russell,2,"ISABEL SANDOVAL, KRISTIN SCOTT THOMAS"
You Can Count on Me,Kenneth Lonergan,2,"ARI ASTER, KRISTIN SCOTT THOMAS"
Monsoon Wedding,Mira Nair,2,"BARRY JENKINS, JAMIE LEE CURTIS"
Downhill Racer,Michael Ritchie,2,"EDWARD BERGER, JAMIE LEE CURTIS"
"Now, Voyager",Irving Rapper,2,"MATTHEW BRODERICK, TODD HAYNES"
Double Indemnity,Billy Wilder,2,"CHARLES BURNETT, MATTHEW BRODERICK"
Targets,Peter Bogdanovich,2,"ARI ASTER, ROGER CORMAN"
La Bamba,Luis Valdez,2,"GREG GONZALEZ, WYCLEF JEAN"
The Game,David Fincher,2,"ANDREW GARFIELD, JOSEPH KOSINSKI"
Anora,Sean Baker,2,"DANNY BOYLE, MICHAEL CERA"
Prince of Broadway,Sean Baker,2,"DANNY BOYLE, MICHAEL CERA"
Gregg Araki’s Teen Apocalypse Trilogy,Gregg Araki,2,"BARBIE FERREIRA, MICHAEL CERA"
The Long Good Friday,John Mackenzie,2,"HARRIS DICKINSON, SETH MEYERS"
Pandora’s Box,G. W. Pabst,2,"AZAZEL JACOBS, NATASHA LYONNE"
My Brilliant Career,Gillian Armstrong,2,"CAROL KANE, LENA DUNHAM"
Following,Christopher Nolan,2,"RYAN COOGLER, THE WOLFPACK"
Bull Durham,Ron Shelton,2,"BEN AFFLECK, KEVIN SMITH"
Tótem,Lila Avilés,2,"AZAZEL JACOBS, DIEGO LUNA"
Dodes’ka-den,Akira Kurosawa,2,"CHARLES BURNETT, MARK RYLANCE"
A Day in the Country,Jean Renoir,2,"CHARLES BURNETT, MATÍAS PIÑEIRO"
I fidanzati,Ermanno Olmi,2,"CHARLES BURNETT, MAURA DELPERO"
Three Revolutionary Films by Ousmane Sembène,Collector’s Set,2,"CHARLES BURNETT, ZEINABU IRENE DAVIS"
Akira Kurosawa’s Dreams,Akira Kurosawa,2,"GARRETT BRADLEY, TUNDE ADEBIMPE"
Pariah,Dee Rees,2,"ANDRÉ HOLLAND, TUNDE ADEBIMPE"
Querelle,Rainer Werner Fassbinder,2,"KATYA ZAMOLODCHIKOVA, LEE DANIELS"
The Spy Who Came in from the Cold,Martin Ritt,2,"JOHN LITHGOW, STEVE COOGAN"
The Servant,Joseph Losey,2,"STEVE COOGAN, TODD HAYNES"
I Am Curious,Vilgot Sjöman,2,"NATHAN LANE, ROSAMUND PIKE"
Memories of Murder,Bong Joon Ho,2,"CHARLES MELTON, FRANKLIN LEONARD"
"4 Months, 3 Weeks and 2 Days",Cristian Mungiu,2,"FRANKLIN LEONARD, JEAN-PIERRE AND LUC DARDENNE"
Anatomy of a Fall,Justine Triet,2,"AGNIESZKA HOLLAND, FRANKLIN LEONARD"
The Hidden Fortress,Akira Kurosawa,2,"FLOYD NORMAN, MARK RYLANCE"
Miracle in Milan,Vittorio De Sica,2,"AZAZEL JACOBS, MARK RYLANCE"
The Tree of Wooden Clogs,Ermanno Olmi,2,"MARK RYLANCE, MAURA DELPERO"
Small Axe,Steve McQueen,2,"MARK RYLANCE, NATHALIE EMMANUEL"
Beastie Boys Video Anthology,Various,2,"FIVE COMICS, QUESTLOVE"
The Fugitive Kind,Sidney Lumet,2,"KEVIN BACON, MICHAEL K. WILLIAMS"
Multiple Maniacs,John Waters,2,"BOWEN YANG, RODARTE"
The Last Days of Disco,Whit Stillman,2,"BOWEN YANG, HARI NEF"
Taste of Cherry,Abbas Kiarostami,2,"AGNÈS VARDA, GRIFFIN DUNNE"
Crossing Delancey,Joan Micklin Silver,2,"AMY IRVING, CARRIE COON"
The Cremator,Juraj Herz,2,"CARRIE COON, MANUEL GARCIA-RULFO"
Mandabi,Ousmane Sembène,2,"CARRIE COON, ROSINE MBAKAM"
Cries and Whispers,Ingmar Bergman,2,"AMY IRVING, RICHARD E. GRANT"
Le petit soldat,Jean-Luc Godard,2,"AMY IRVING, COLIN QUINN"
Drylongso,Cauleen Smith,2,"JOHN DAVID WASHINGTON AND MALCOLM WASHINGTON, ZEINABU IRENE DAVIS"
Faces,John Cassavetes,2,"DESIREE AKHAVAN, JOHN DAVID WASHINGTON AND MALCOLM WASHINGTON"
Take Out,Sean Baker and Shih-Ching Tsou,2,"BEN GIBBARDS, MIKEY MADISON"
Gilda,Charles Vidor,2,"ALICIA MALONE, MIKEY MADISON"
An Actor’s Revenge,Kon Ichikawa,2,"GINA PRINCE-BYTHEWOOD, ROBERT EGGERS"
The Innocents,Jack Clayton,2,"PHIL ROSENTHAL, ROBERT EGGERS"
The Life of Oharu,Kenji Mizoguchi,2,"HARRIS DICKINSON, MARIANNE JEAN-BAPTISTE & MIKE LEIGH"
The Organizer,Mario Monicelli,2,"CHIARA MASTROIANNI, JOHN SAYLES"
The Magnificent Ambersons,Orson Welles,2,"JULIETTE BINOCHE AND RALPH FIENNES, MAYA AND ETHAN HAWKE"
The Furies,Anthony Mann,2,"JULIETTE BINOCHE AND RALPH FIENNES, VIGGO MORTENSEN"
Che,Steven Soderbergh,2,"ARI ASTER, DENIS VILLENEUVE"
Lars von Trier’s Europe Trilogy,Lars von Trier,2,"DENIS VILLENEUVE, JULIA GARNER"
Fellini Satyricon,Federico Fellini,2,"DENIS VILLENEUVE, TRACE LYSETTE"
Blow Out,Brian De Palma,2,"JOHN LITHGOW, PARK CHAN-WOOK"
La vérité,Henri-Georges Clouzot,2,"JUSTINE TRIET, PAMELA ANDERSON"
Fists in the Pocket,Marco Bellocchio,2,"PAMELA ANDERSON, RYUSUKE HAMAGUCHI"
One Night in Miami . . .,Regina King,2,"JEREMY POPE, KEMP POWERS"
Boyhood,Richard Linklater,2,"PABLO LARRAÍN, VOLKER SCHLÖNDORFF"
Medicine for Melancholy,Barry Jenkins,2,"ANDRÉ HOLLAND, RAVEN JACKSON"
Charulata,Satyajit Ray,2,"IRA SACHS, PAYAL KAPADIA"
2 or 3 Things I Know About Her,Jean-Luc Godard,2,"BILL POPE, ISABELLE HUPPERT"
Nothing but a Man,Michael Roemer,2,"CALLUM TURNER, ISABELLE HUPPERT"
The Last Wave,Peter Weir,2,"JENNIFER KENT, JEREMY THOMAS"
Mona Lisa,Neil Jordan,2,"COLIN QUINN, JUDE LAW"
Meantime,Mike Leigh,2,"JARVIS COCKER, JOSH AND BENNY SAFDIE"
If....,Lindsay Anderson,2,"CHARLOTTE RAMPLING AND ANDREW HAIGH, JOEL POTRYKUS"
Great Expectations,David Lean,2,"NICK LOWE, SLAVOJ ŽIŽEK"
The Asphalt Jungle,John Huston,2,"AGNÈS B., BILL HADER"
The Rose,Mark Rydell,2,"LAURA ALBERT & JEFF FEUERZEIG, ZOË KRAVITZ AND CHANNING TATUM"
Lola Montès,Max Ophuls,2,"ALFONSO CUARÓN AND PAWEŁ PAWLIKOWSKI, GINA GERSHON"
The Seventh Seal,Ingmar Bergman,2,"GINA GERSHON, ROGER & JAMES DEAKINS"
Charade,Stanley Donen,2,"AYO EDEBIRI, GUILLERMO DEL TORO"
The Funeral,Juzo Itami,2,"AYO EDEBIRI, KOJI YAKUSHO"
Rolling Thunder Revue: A Bob Dylan Story by Martin Scorsese,Martin Scorsese,2,"LILY GLADSTONE & ERICA TREMBLAY, WILCO"
Forty Guns,Samuel Fuller,2,"PATTON OSWALT, VIGGO MORTENSEN"
The Gunfighter,Henry King,2,"ROGER CORMAN, VIGGO MORTENSEN"
3:10 to Yuma,Delmer Daves,2,"ALEC BALDWIN, VIGGO MORTENSEN"
Walker,Alex Cox,2,"EDGAR WRIGHT, PAUL SCHEER"
Destry Rides Again,George Marshall,2,"ALDEN EHRENREICH, DYLAN BAKER"
Until the End of the World,Wim Wenders,2,"RYUSUKE HAMAGUCHI, WIM WENDERS"
Judex,Georges Franju,2,"MIKE LEIGH, RYUSUKE HAMAGUCHI"
Teorema,Pier Paolo Pasolini,2,"AGNÈS B., JEREMY O. HARRIS"
Ali: Fear Eats the Soul,Rainer Werner Fassbinder,2,"JEREMY O. HARRIS, YORGOS LANTHIMOS & ARIANE LABED"
Metropolitan,Whit Stillman,2,"JEREMY O. HARRIS, TAVI GEVINSON"
War and Peace,Sergei Bondarchuk,2,"MAYA AND ETHAN HAWKE, ROGER CORMAN"
Valley of the Dolls,Mark Robson,2,"KERRY CONDON, NATHAN LANE"
The Bitter Tears of Petra von Kant,Rainer Werner Fassbinder,2,"RUBEN ÖSTLUND, ST. VINCENT"
Brand upon the Brain!,Guy Maddin,2,"ARI ASTER, ST. VINCENT"
The BRD Trilogy,Rainer Werner Fassbinder,2,"CHERYL DUNYE, TODD HAYNES"
La vie de Jésus,Bruno Dumont,2,"MOLLY RINGWALD, VICKY KRIEPS"
Eclipse Series 11: Larisa Shepitko,Larisa Shepitko,2,"ALFONSO CUARÓN AND PAWEŁ PAWLIKOWSKI, PAUL GIAMATTI"
Drive My Car,Ryusuke Hamaguchi,2,"BRIT MARLING AND ZAL BATMANGLIJ, CHARLES MELTON"
Brute Force,Jules Dassin,2,"BEN GIBBARDS, WILLIAM FRIEDKIN"
Red Beard,Akira Kurosawa,2,"ALEXANDER PAYNE, KOJI YAKUSHO"
Mouchette,Robert Bresson,2,"GUY MADDIN, WIM WENDERS"
Gate of Flesh,Seijun Suzuki,2,"CLAIRE DENIS, WILLEM DAFOE"
Cría cuervos . . .,Carlos Saura,2,"HLYNUR PÁLMASON, PAUL B. PRECIADO"
Time Bandits,Terry Gilliam,2,"BRIT MARLING AND ZAL BATMANGLIJ, LUCRECIA MARTEL"
Exotica,Atom Egoyan,2,"FRANÇOIS GIRARD, LINA RODRIGUEZ"
Viridiana,Luis Buñuel,2,"CATHERINE BREILLAT, YORGOS LANTHIMOS & ARIANE LABED"
Faya dayi,Jessica Beshir,2,"RAVEN JACKSON, SARA DOSA"
The Last Waltz,Martin Scorsese,2,"ANTON CORBIJN, BILL POPE"
The Naked City,Jules Dassin,2,"MARK BRIDGES, MARY HARRON"
Beauty and the Beast,Jean Cocteau,2,"LUCRECIA MARTEL, MARK BRIDGES"
A Touch of Zen,King Hu,2,"FLYING LOTUS, JEREMY THOMAS"
Fear and Loathing in Las Vegas,Terry Gilliam,2,"ALAN PALOMO, GINA PRINCE-BYTHEWOOD"
Medium Cool,Haskell Wexler,2,"ALAN PALOMO, BONG JOON HO"
Canoa: A Shameful Memory,Felipe Cazals,2,"ALAN PALOMO, MANUEL GARCIA-RULFO"
People on Sunday,Robert Siodmak and Edgar G. Ulmer,2,"CHRISTIAN PETZOLD, KARINA LONGWORTH"
The New World,Terrence Malick,2,"ARI ASTER, MANUEL GARCIA-RULFO"
The Flavor of Green Tea over Rice,Yasujiro Ozu,2,"CAULEEN SMITH, PATTON OSWALT"
Jigoku,Nobuo Nakagawa,2,"GASPAR NOÉ, HIDEO KOJIMA"
Under the Volcano,John Huston,2,"AUBREY PLAZA AND JEFF BAENA, JASON SCHWARTZMAN"
The American Friend,Wim Wenders,2,"ANTON CORBIJN, MARC MARON"
The Hero,Satyajit Ray,2,"JOEL EDGERTON, SARITA CHOUDHURY"
Breaking the Waves,Lars von Trier,2,"PETER SARSGAARD, UDO KIER"
Le cercle rouge,Jean-Pierre Melville,2,"KYLE MACLACHLAN, ROGER & JAMES DEAKINS"
Le silence de la mer,Jean-Pierre Melville,2,"PARK CHAN-WOOK, ROGER & JAMES DEAKINS"
In Cold Blood,Richard Brooks,2,"CATE BLANCHETT AND TODD FIELD, ROGER & JAMES DEAKINS"
Secret Sunshine,Chang-dong Lee,2,"ARI ASTER, SEAN BAKER"
The Thin Red Line,Terrence Malick,2,"FRANÇOIS GIRARD, GUILLERMO DEL TORO"
Merry Christmas Mr. Lawrence,Nagisa Oshima,2,"ADRIAN UTLEY, FRANÇOIS GIRARD"
Macbeth,Roman Polanski,2,"FRANÇOIS GIRARD, YORGOS LANTHIMOS & ARIANE LABED"
Othello,Orson Welles,2,"FRANÇOIS GIRARD, MARCO BELLOCCHIO"
Les cousins,Claude Chabrol,2,"PARK CHAN-WOOK, RICHARD AYOADE"
Dheepan,Jacques Audiard,2,"CATE BLANCHETT AND TODD FIELD, M.I.A. AND STEPHEN LOVERIDGE"
My Dinner with André,Louis Malle,2,"CATE BLANCHETT AND TODD FIELD, TIM ROBBINS"
Symbiopsychotaxiplasm: Two Takes by William Greaves,William Greaves,2,"CAULEEN SMITH, GUY MADDIN"
A Dry White Season,Euzhan Palcy,2,"EUZHAN PALCY, GINA PRINCE-BYTHEWOOD"
The Samurai Trilogy,Hiroshi Inagaki,2,"ASIF KAPADIA, JOHN DARNIELLE"
Green for Danger,Sidney Gilliat,2,"BILL HADER, CHARLOTTE GAINSBOURG"
Blind Chance,Krzysztof Kieślowski,2,"ASIF KAPADIA, THEODORE WITCHER"
Dressed to Kill,Brian De Palma,2,"GARRETT BRADLEY, TAVI GEVINSON"
Rififi,Jules Dassin,2,"NATHAN LANE, TERRY GILLIAM"
Pan’s Labyrinth,Guillermo del Toro,2,"EUZHAN PALCY, FIVE COMICS"
Made in U.S.A,Jean-Luc Godard,2,"ANNA KARINA, FIVE COMICS"
Bad Timing,Nicolas Roeg,2,"BEN SINCLAIR, JOANNA HOGG"
Sisters,Brian De Palma,2,"RICHARD AYOADE, RODARTE"
Desert Hearts,Donna Deitch,2,"JENNI OLSON, KARINA LONGWORTH"
4 by Agnès Varda,Collector’s Set,2,"JOACHIM TRIER, LESLIE HARRIS"
Magnificent Obsession,Douglas Sirk,2,"IRA SACHS, JACQUELINE NOVAK AND JOHN EARLY"
State of Siege,Costa-Gavras,2,"GASPAR NOÉ, JOHN SAYLES"
Hamlet,Laurence Olivier,2,"RICHARD E. GRANT, THE WOLFPACK"
The Graduate,Mike Nichols,2,"LEE UNKRICH, RICHARD E. GRANT"
The Scarlet Empress,Josef von Sternberg,2,"ANDRÉ BONZEL, KARINA LONGWORTH"
Tout va bien,Jean-Luc Godard and Jean-Pierre Gorin,2,"CLAIRE DENIS, LAURIE ANDERSON"
Fox and His Friends,Rainer Werner Fassbinder,2,"JOSH AND BENNY SAFDIE, TAVI GEVINSON"
The Moment of Truth,Francesco Rosi,2,"IRA SACHS, JOSH AND BENNY SAFDIE"
Jellyfish Eyes,Takashi Murakami,2,"FLYING LOTUS, SEAN BAKER"
Weekend,Jean-Luc Godard,2,"ALICIA MALONE, ANDRÉ GREGORY AND WALLACE SHAWN"
The Horse’s Mouth,Ronald Neame,2,"BEN WHEATLEY, OWEN KLINE"
"Pigs, Pimps & Prostitutes: 3 Films by Shohei Imamura",Collector’s Set,2,"GASPAR NOÉ, LAURA ALBERT & JEFF FEUERZEIG"
The Complete Jean Vigo,Collector’s Set,2,"ALFONSO CUARÓN AND PAWEŁ PAWLIKOWSKI, MATÍAS PIÑEIRO"
Modern Times,Charles Chaplin,2,"CRISTIAN MUNGIU, MICHAEL K. WILLIAMS"
Shock Corridor,Samuel Fuller,2,"IRA SACHS, TIM ROBBINS"
The Magic Flute,Ingmar Bergman,2,"IRA SACHS, RICHARD AYOADE"
Safety Last!,Fred Newmeyer and Sam Taylor,2,"CHARLOTTE RAMPLING AND ANDREW HAIGH, RICHARD AYOADE"
The Human Condition,Masaki Kobayashi,2,"THE QUAY BROTHERS, THE WOLFPACK"
Vivre sa vie,Jean-Luc Godard,2,"ALFONSO CUARÓN AND PAWEŁ PAWLIKOWSKI, MIKE LEIGH"
The Firemen’s Ball,Miloš Forman,2,"ALFONSO CUARÓN AND PAWEŁ PAWLIKOWSKI, MIKE LEIGH"
Gomorrah,Matteo Garrone,2,"ASIF KAPADIA, MICHAEL K. WILLIAMS"
Carl Theodor Dreyer,Carl Theodor Dreyer,2,"JACK GARFEIN, SLAVOJ ŽIŽEK"
David Lynch: The Art Life,"Jon Nguyen, Rick Barnes, and Olivia Neergaard-Holm",1,LAURA DERN
Visions of Eight,"Juri Ozerov, Mai Zetterling, Arthur Penn, Michael Pfleghar, Kon Ichikawa, Miloš Forman, Claude Lelouch, and John Schlesinger",1,JODIE FOSTER
Three Films by Mai Zetterling,Mai Zetterling,1,JODIE FOSTER
Shoot the Piano Player,François Truffaut,1,DAVID REMNICK
"The French Dispatch of the Liberty, Kansas Evening Sun",Wes Anderson,1,DAVID REMNICK
Lynch/Oz,Alexandre O. Philippe,1,VINCE STAPLES
Girlfight,Karyn Kusama,1,RIAN JOHNSON
Hell’s Angels,Howard Hughes,1,RIAN JOHNSON
Shaft,Gordon Parks,1,JUNE SQUIBB
Buena Vista Social Club,Wim Wenders,1,JUNE SQUIBB
The Confession,Costa-Gavras,1,KATHRYN BIGELOW
Hiroshima mon amour,Alain Resnais,1,KATHRYN BIGELOW
The Lodger: A Story of the London Fog,Alfred Hitchcock,1,KATHRYN BIGELOW
Summer Hours,Olivier Assayas,1,NIA DACOSTA
Phoenix,Christian Petzold,1,NIA DACOSTA
The War Room,Chris Hegedus and D. A. Pennebaker,1,BENNY SAFDIE
When We Were Kings,Leon Gast,1,BENNY SAFDIE
Choose Me,Alan Rudolph,1,TRACY LETTS
The Complete Mr. Arkadin,Orson Welles,1,TRACY LETTS
Letters from Fontainhas: Three Films by Pedro Costa,Collector’s Set,1,LAV DIAZ
Criterion Collection Canvas Bag,Bags,1,LAV DIAZ
The Shrouds,David Cronenberg,1,CHARLI XCX
Cairo Station,Youssef Chahine,1,LUCA GUADAGNINO
Sorcerer,William Friedkin,1,LUCA GUADAGNINO
Night Moves,Arthur Penn,1,LUCA GUADAGNINO
Merrily We Go to Hell,Dorothy Arzner,1,MARY BRONSTEIN
A Canterbury Tale,Michael Powell and Emeric Pressburger,1,BEN WHISHAW
The Times of Harvey Milk,Robert Epstein,1,ANOHNI
3 Silent Classics by Josef von Sternberg,Collector’s Set,1,ANOHNI
Science Is Fiction: 23 Films by Jean Painlevé,Jean Painlevé,1,ANOHNI
Fanfan la Tulipe,Christian-Jaque,1,MARION COTILLARD
The Great Dictator,Charles Chaplin,1,MARION COTILLARD
Rouge,Stanley Kwan,1,REGINALD HUDLIN
Guillermo del Toro’s Pinocchio,Guillermo del Toro and Mark Gustafson,1,JUDD APATOW
It Happened One Night,Frank Capra,1,ALICIA SILVERSTONE
Casque d’or,Jacques Becker,1,KRISTIN SCOTT THOMAS
I Know Where I’m Going!,Michael Powell and Emeric Pressburger,1,PETER WOLF
Danton,Andrzej Wajda,1,JAMIE LEE CURTIS
"Lacombe, Lucien",Louis Malle,1,ARI ASTER
Revanche,Götz Spielmann,1,ARI ASTER
Graduation,Cristian Mungiu,1,ARI ASTER
Young Mr. Lincoln,John Ford,1,ARI ASTER
Once Upon a Time in China: The Complete Films,Tsui Hark,1,RZA
The Wind Will Carry Us,Abbas Kiarostami,1,MICHAEL CERA
Streetwise,Martin Bell,1,LENA DUNHAM
Okja,Bong Joon Ho,1,LENA DUNHAM
Armageddon,Michael Bay,1,BEN AFFLECK
Carlos,Olivier Assayas,1,DIEGO LUNA
Vanya on 42nd Street,Louis Malle,1,PAUL W. DOWNS
All of Us Strangers,Andrew Haigh,1,KATYA ZAMOLODCHIKOVA
Mildred Pierce,Michael Curtiz,1,BARBIE FERREIRA
Swing Time,George Stevens,1,CLAUDE LELOUCH
The Circus,Charles Chaplin,1,CLAUDE LELOUCH
Il sorpasso,Dino Risi,1,CLAUDE LELOUCH
Samurai Spy,Masahiro Shinoda,1,SETH ROGEN & EVAN GOLDBERG
The Infernal Affairs Trilogy,Andrew Lau and Alan Mak,1,SETH ROGEN & EVAN GOLDBERG
Paul Robeson: Portraits of the Artist,Collector’s Set,1,FRANKLIN LEONARD
High Sierra,Raoul Walsh,1,MARK RYLANCE
Performance,Donald Cammell and Nicolas Roeg,1,HANS ZIMMER
Every Man for Himself,Jean-Luc Godard,1,DICK CAVETT
Only Angels Have Wings,Howard Hawks,1,DICK CAVETT
Godzilla vs. Biollante,Kazuki Omori,1,CARRIE COON
Still Walking,Hirokazu Kore-eda,1,MICHELLE ZAUNER
Martin Scorsese’s World Cinema Project No. 1,Collector’s Set,1,MICHELLE ZAUNER
Irma Vep,Olivier Assayas,1,JOHN DAVID WASHINGTON AND MALCOLM WASHINGTON
Marketa Lazarová,František Vláčil,1,BRADY CORBET
Bergman Island,Mia Hansen-Løve,1,BRADY CORBET
Mississippi Masala,Mira Nair,1,ROSANNA ARQUETTE
Demon Pond,Masahiro Shinoda,1,ROBERT EGGERS
Manila in the Claws of Light,Lino Brocka,1,HARRIS DICKINSON
Gummo,Harmony Korine,1,HARRIS DICKINSON
Shallow Grave,Danny Boyle,1,NICHOLAS HOULT
Eclipse Series 5: The First Films of Samuel Fuller,Collector’s Set,1,JULIETTE BINOCHE AND RALPH FIENNES
Eclipse Series 26: Silent Naruse,Mikio Naruse,1,JULIETTE BINOCHE AND RALPH FIENNES
Eclipse Series 25: Basil Dearden’s London Underground,Basil Dearden,1,JULIETTE BINOCHE AND RALPH FIENNES
Eclipse Series 38: Masaki Kobayashi Against the System,Collector’s Set,1,JOHNNIE TO
Not a Pretty Picture,Martha Coolidge,1,KARYN KUSAMA
Chilly Scenes of Winter,Joan Micklin Silver,1,KARYN KUSAMA
La vie de bohème,Aki Kaurismäki,1,AZAZEL JACOBS
La ronde,Max Ophuls,1,JACQUES AUDIARD
Classe tous risques,Claude Sautet,1,JACQUES AUDIARD
A Raisin in the Sun,Daniel Petrie,1,ANDRÉ HOLLAND
Martin Scorsese’s World Cinema Project No. 4,Collector’s Set,1,ZEINABU IRENE DAVIS
Eclipse Series 29: Aki Kaurismäki’s Leningrad Cowboys,Collector’s Set,1,PAYAL KAPADIA
Juliet of the Spirits,Federico Fellini,1,ISABELLE HUPPERT
La cérémonie,Claude Chabrol,1,ISABELLE HUPPERT
Cameraperson,Kirsten Johnson,1,RAMELL ROSS
Jubal,Delmer Daves,1,RAMELL ROSS
Fail Safe,Sidney Lumet,1,BARRY SONNENFELD
The Thin Blue Line,Errol Morris,1,BARRY SONNENFELD
Kuroneko,Kaneto Shindo,1,JENNIFER KENT
The Incredible Shrinking Man,Jack Arnold,1,JARVIS COCKER
Equinox,Jack Woods,1,JOEL POTRYKUS
The Flight of the Phoenix,Robert Aldrich,1,NICK LOWE
The Tales of Hoffmann,Michael Powell and Emeric Pressburger,1,GREG GONZALEZ
Lord of the Flies,Peter Brook,1,ZOË KRAVITZ AND CHANNING TATUM
Bound,Lana Wachowski and Lilly Wachowski,1,GINA GERSHON
Perfect Days,Wim Wenders,1,AGNIESZKA HOLLAND
Eyimofe (This Is My Desire),Arie Esiri and Chuko Esiri,1,AYO EDEBIRI
The Learning Tree,Gordon Parks,1,WINONA RYDER
Certain Women,Kelly Reichardt,1,LILY GLADSTONE & ERICA TREMBLAY
The Adventures of Baron Munchausen,Terry Gilliam,1,LILY GLADSTONE & ERICA TREMBLAY
The Royal Tenenbaums,Wes Anderson,1,CAROL KANE
The Shooting,Monte Hellman,1,JERRY SCHATZBERG
Hopscotch,Ronald Neame,1,PAUL SCHEER
Holiday,George Cukor,1,DYLAN BAKER
Christ Stopped at Eboli,Francesco Rosi,1,DYLAN BAKER
Ride with the Devil,Ang Lee,1,DYLAN BAKER
Toni,Jean Renoir,1,RYUSUKE HAMAGUCHI
The Celebration,Thomas Vinterberg,1,JEREMY O. HARRIS
El Sur,Víctor Erice,1,JANE SCHOENBRUN
Peeping Tom,Michael Powell,1,JANE SCHOENBRUN
L’enfance nue,Maurice Pialat,1,ANNIE BAKER AND LUCIAN JOHNSTON
Godland,Hlynur Pálmason,1,ANNIE BAKER AND LUCIAN JOHNSTON
"Clean, Shaven",Lodge Kerrigan,1,BERTRAND BONELLO
A Hollis Frampton Odyssey,Hollis Frampton,1,CHERYL DUNYE
Mudbound,Dee Rees,1,CHERYL DUNYE
Eclipse Series 8: Lubitsch Musicals,Collector’s Set,1,MOLLY RINGWALD
Wild Strawberries,Ingmar Bergman,1,CHELSEA PERETTI
Blast of Silence,Allen Baron,1,TIM BLAKE NELSON
Inside Llewyn Davis,Joel Coen and Ethan Coen,1,TIM BLAKE NELSON
The Innocent,Louis Garrel,1,JR
Monsters and Madmen,Collector’s Set,1,DEVO: GERALD CASALE AND MARK MOTHERSBAUGH
Sound of Metal,Darius Marder,1,JOEL KIM BOOSTER
Boat People,Ann Hui,1,LILA AVILÉS
In the Realm of the Senses,Nagisa Oshima,1,LILA AVILÉS
A Story from Chikamatsu,Kenji Mizoguchi,1,MATTEO GARRONE
The Story of the Last Chrysanthemum,Kenji Mizoguchi,1,MATTEO GARRONE
Leave Her to Heaven,John M. Stahl,1,LINA RODRIGUEZ
Bo Widerberg’s New Swedish Cinema,Bo Widerberg,1,LINA RODRIGUEZ
Eight Hours Don’t Make a Day,Rainer Werner Fassbinder,1,LINA RODRIGUEZ
Flowers of Shanghai,Hou Hsiao-hsien,1,LINA RODRIGUEZ
The Long Day Closes,Terence Davies,1,TODD HAYNES
Vengeance Is Mine,Shohei Imamura,1,CATHERINE BREILLAT
Eve’s Bayou,Kasi Lemmons,1,RAVEN JACKSON
Eclipse Series 22: Presenting Sacha Guitry,Collector’s Set,1,JUSTINE TRIET
Bowling for Columbine,Michael Moore,1,BILL POPE
Cooley High,Michael Schultz,1,​LUIS GUZMÁN
The Ballad of Gregorio Cortez,Robert M. Young,1,​LUIS GUZMÁN
Marriage Story,Noah Baumbach,1,MARK BRIDGES
The Music Room,Satyajit Ray,1,TYLER MITCHELL
Maîtresse,Barbet Schroeder,1,ALAN PALOMO
Devi,Satyajit Ray,1,REBECCA MILLER
Pale Flower,Masahiro Shinoda,1,PATTON OSWALT
One False Move,Carl Franklin,1,PATTON OSWALT
The Killers,Don Siegel,1,JASON SCHWARTZMAN
The Bad Sleep Well,Akira Kurosawa,1,JASON SCHWARTZMAN
Mala Noche,Gus Van Sant,1,MARY HARRON
Blood for Dracula,Paul Morrissey,1,UDO KIER
Flesh for Frankenstein,Paul Morrissey,1,UDO KIER
Fires on the Plain,Kon Ichikawa,1,ROGER & JAMES DEAKINS
The Burmese Harp,Kon Ichikawa,1,ROGER & JAMES DEAKINS
The Killers,Collector’s Set,1,CARL FRANKLIN
The Tree of Life,Terrence Malick,1,BENJAMIN MILLEPIED
Pink Flamingos,John Waters,1,GREGG ARAKI
Closely Watched Trains,Jiří Menzel,1,ARI ASTER
Mr. Klein,Joseph Losey,1,ARI ASTER
La poison,Sacha Guitry,1,ARI ASTER
Three Fantastic Journeys by Karel Zeman,Karel Zeman,1,ARI ASTER
Death of a Cyclist,Juan Antonio Bardem,1,JEAN-PIERRE AND LUC DARDENNE
I Wanna Hold Your Hand,Robert Zemeckis,1,YO LA TENGO
The Velvet Underground,Todd Haynes,1,YO LA TENGO
The Girl Can’t Help It,Frank Tashlin,1,YO LA TENGO
Ministry of Fear,Fritz Lang,1,YO LA TENGO
À nos amours,Maurice Pialat,1,PAULINE CHALAMET
The Other Side of Hope,Aki Kaurismäki,1,PAULINE CHALAMET
Eclipse Series 30: Sabu!,Collector’s Set,1,FLOYD NORMAN
The Thief of Bagdad,"Ludwig Berger, Michael Powell, and Tim Whelan",1,FLOYD NORMAN
F for Fake,Orson Welles,1,RAÚL CASTILLO
The Makioka Sisters,Kon Ichikawa,1,PARK CHAN-WOOK
Riot in Cell Block 11,Don Siegel,1,PARK CHAN-WOOK
Burroughs: The Movie,Howard Brookner,1,MARC MARON
Shame,Ingmar Bergman,1,MARC MARON
Minding the Gap,Bing Liu,1,CHARLOTTE WELLS
Wooden Crosses,Raymond Bernard,1,CATE BLANCHETT AND TODD FIELD
Letter Never Sent,Mikhail Kalatozov,1,CATE BLANCHETT AND TODD FIELD
A Master Builder,Jonathan Demme,1,CATE BLANCHETT AND TODD FIELD
Richard III,Laurence Olivier,1,JOHN DARNIELLE
The Ballad of Narayama,Keisuke Kinoshita,1,JOHN DARNIELLE
La Cage aux Folles,Edouard Molinaro,1,MINNIE DRIVER
A Poem Is a Naked Person,Les Blank,1,WILCO
Le deuxième souffle,Jean-Pierre Melville,1,WILCO
Eclipse Series 9: The Delirious Fictions of William Klein,Collector’s Set,1,WILCO
The Big City,Satyajit Ray,1,SARITA CHOUDHURY
Cul-de-sac,Roman Polanski,1,AGNÈS B.
Something Wild,Jack Garfein,1,COLIN QUINN
Smithereens,Susan Seidelman,1,COLIN QUINN
Oliver Twist,David Lean,1,GARRETT BRADLEY
Blue Is the Warmest Color,Abdellatif Kechiche,1,GARRETT BRADLEY
Rebel Samurai: Sixties Swordplay Classics,Collector’s Set,1,GARRETT BRADLEY
Bitter Rice,Giuseppe De Santis,1,NATHAN LANE
Here Comes Mr. Jordan,Alexander Hall,1,NATHAN LANE
The In-Laws,Arthur Hiller,1,NATHAN LANE
Yojimbo,Akira Kurosawa,1,FIVE COMICS
24 Frames,Abbas Kiarostami,1,FIVE COMICS
"Jeanne Dielman, 23, quai du Commerce, 1080 Bruxelles",Chantal Akerman,1,JENNI OLSON
The Black Stallion,Carroll Ballard,1,MATTHEW MODINE
The Uninvited,Lewis Allen,1,JACQUELINE NOVAK AND JOHN EARLY
Tie Me Up! Tie Me Down!,Pedro Almodóvar,1,JACQUELINE NOVAK AND JOHN EARLY
Limelight,Charles Chaplin,1,KIM CATTRALL
Tom Jones,Tony Richardson,1,KIM CATTRALL
The French Lieutenant’s Woman,Karel Reisz,1,RICHARD E. GRANT
Mamma Roma,Pier Paolo Pasolini,1,KARINA LONGWORTH
I Am Curious—Yellow,Vilgot Sjöman,1,KARINA LONGWORTH
Border Radio,"Allison Anders, Dean Lent, and Kurt Voss",1,KARINA LONGWORTH
Chronicle of a Summer,Jean Rouch and Edgar Morin,1,KARINA LONGWORTH
Personal Shopper,Olivier Assayas,1,KARINA LONGWORTH
The Marseille Trilogy,Collector’s Set,1,KARINA LONGWORTH
The Importance of Being Earnest,Anthony Asquith,1,JAMES L. BROOKS
Missing,Costa-Gavras,1,M.I.A. AND STEPHEN LOVERIDGE
The Naked Island,Kaneto Shindo,1,EUZHAN PALCY
Ordet,Carl Th. Dreyer,1,CLAIRE DENIS
Day of Wrath,Carl Th. Dreyer,1,CLAIRE DENIS
Gertrud,Carl Th. Dreyer,1,CLAIRE DENIS
The Honeymoon Killers,Leonard Kastle,1,JOHN WATERS
For All Mankind,Al Reinert,1,AUBREY PLAZA AND JEFF BAENA
Harold and Maude,Hal Ashby,1,AUBREY PLAZA AND JEFF BAENA
The Squid and the Whale,Noah Baumbach,1,AUBREY PLAZA AND JEFF BAENA
Ghost World,Terry Zwigoff,1,AUBREY PLAZA AND JEFF BAENA
Barcelona,Whit Stillman,1,TAVI GEVINSON
Martha Graham: Dance on Film,Nathan Kroll,1,TAVI GEVINSON
Moonrise Kingdom,Wes Anderson,1,TAVI GEVINSON
Le plaisir,Max Ophuls,1,ALEXANDER PAYNE
¡Alambrista!,Robert M. Young,1,ALEXANDER PAYNE
The Breaking Point,Michael Curtiz,1,ALEXANDER PAYNE
Speedy,Ted Wilde,1,ALEXANDER PAYNE
The Executioner,Luis García Berlanga,1,ALEXANDER PAYNE
Dreams,Ingmar Bergman,1,FLYING LOTUS
Lady Snowblood,Toshiya Fujita,1,ALICIA MALONE
Fishing with John,John Lurie,1,BEN WHEATLEY
Zatoichi: The Blind Swordsman,Collector’s Set,1,BEN WHEATLEY
The Shooting/Ride in the Whirlwind,Monte Hellman,1,OWEN KLINE
Eclipse Series 33: Up All Night with Robert Downey Sr.,Collector’s Set,1,OWEN KLINE
The Golden Age of Television,,1,OWEN KLINE
Dont Look Back,D. A. Pennebaker,1,BARRY LEVINSON
Shadows,John Cassavetes,1,BARRY LEVINSON
Babette’s Feast,Gabriel Axel,1,PHIL ROSENTHAL
Foreign Correspondent,Alfred Hitchcock,1,PHIL ROSENTHAL
Overlord,Stuart Cooper,1,PHIL ROSENTHAL
Kiss Me Deadly,Robert Aldrich,1,LAURA ALBERT & JEFF FEUERZEIG
Antonio Gaudí,Hiroshi Teshigahara,1,TIM ROBBINS
Z,Costa-Gavras,1,TIM ROBBINS
Shoah,Claude Lanzmann,1,IRA SACHS
I vitelloni,Federico Fellini,1,AMY HECKERLING
Pierrot le fou,Jean-Luc Godard,1,ANNA KARINA
Cléo from 5 to 7,Agnès Varda,1,ANNA KARINA
A Woman Is a Woman,Jean-Luc Godard,1,ANNA KARINA
Night Train to Munich,Carol Reed,1,CHRIS EIGEMAN
Contempt,Jean-Luc Godard,1,CHRIS EIGEMAN
The Emigrants/The New Land,Jan Troell,1,JOACHIM TRIER
The Phantom Carriage,Victor Sjöström,1,JOACHIM TRIER
Sólo con tu pareja,Alfonso Cuarón,1,LOUIS GARREL
Europa,Lars von Trier,1,LOUIS GARREL
Bergman Island,Marie Nyreröd,1,CHARLOTTE RAMPLING AND ANDREW HAIGH
El Norte,Gregory Nava,1,SEAN BAKER
Eclipse Series 37: When Horror Came to Shochiku,Collector’s Set,1,GASPAR NOÉ
Sundays and Cybèle,Serge Bourguignon,1,GASPAR NOÉ
The Naked Prey,Cornel Wilde,1,GASPAR NOÉ
Patriotism,Yukio Mishima and Domoto Masaki,1,GASPAR NOÉ
White Dog,Samuel Fuller,1,LAURIE ANDERSON
La promesse,Luc Dardenne and Jean-Pierre Dardenne,1,AGNÈS VARDA
The Marriage of Maria Braun,Rainer Werner Fassbinder,1,AGNÈS VARDA
Branded to Kill,Seijun Suzuki,1,YORGOS LANTHIMOS & ARIANE LABED
Simon of the Desert,Luis Buñuel,1,ASIF KAPADIA
Investigation of a Citizen Above Suspicion,Elio Petri,1,ASIF KAPADIA
Three Outlaw Samurai,Hideo Gosha,1,ASIF KAPADIA
Coup de grâce,Volker Schlöndorff,1,VOLKER SCHLÖNDORFF
Le beau Serge,Claude Chabrol,1,VOLKER SCHLÖNDORFF
Trouble in Paradise,Ernst Lubitsch,1,SLAVOJ ŽIŽEK
Murmur of the Heart,Louis Malle,1,SLAVOJ ŽIŽEK
Eclipse Series 32: Pearls of the Czech New Wave,Collector’s Set,1,SLAVOJ ŽIŽEK
Eclipse Series 14: Rossellini’s History Films—Renaissance and Enlightenment,Roberto Rossellini,1,SLAVOJ ŽIŽEK
All That Money Can Buy (a.k.a. The Devil and Daniel Webster),William Dieterle,1,WILLIAM FRIEDKIN
Eclipse Series 21: Oshima’s Outlaw Sixties,Nagisa Oshima,1,BONG JOON HO
Koyaanisqatsi,Godfrey Reggio,1,BONG JOON HO
The Virgin Spring,Ingmar Bergman,1,ALFONSO CUARÓN AND PAWEŁ PAWLIKOWSKI
Insignificance,Nicolas Roeg,1,NICOLAS WINDING REFN
Zazie dans le métro,Louis Malle,1,RICHARD AYOADE
The Children Are Watching Us,Vittorio De Sica,1,THE QUAY BROTHERS
When a Woman Ascends the Stairs,Mikio Naruse,1,GUY MADDIN
WR: Mysteries of the Organism,Dušan Makavejev,1,GUY MADDIN
Robinson Crusoe on Mars,Byron Haskin,1,GUY MADDIN
